codigo_fornecedor,classificacao,conta_codigo_reduzido,conta_descricao
2196,4.01.02.02.0078,40102020078,MANUTENÇÃO DO PORTÃO DE VEÍCULOS
2196,4.02.03.05.0005,40203050005,MANUTENÇÃO DO PORTÃO DE VEÍCULOS
2196,4.01.01.01.0004,40101010004,INSS REF. EMPREGADOS/SÍNDICO
2196,4.01.02.02.0071,40102020071,MANUTENÇÃO DO PORTÃO DE SAÍDA DE VEÍCULOS (DESUSO)
2196,4.01.02.02.0017,40102020017,MANUTENÇÃO DO SISTEMA DE SEGURANÇA
1144,4.01.02.02.0028,40102020028,HIGIENIZAÇÃO DE AR CONDICIONADO (S)
1144,4.02.03.01.0059,40203010059,MANUTENÇÕES ELÉTRICAS NO SALÃO DE FESTAS
1144,4.01.02.02.0008,40102020008,MANUTENÇÃO ELÉTRICA
1144,4.01.02.02.0101,40102020101,MANUTENÇÃO NO SISTEMA DE AQUECIMENTO DA PISCINA
1144,4.02.03.01.0008,40203010008,HIGIENIZAÇÃO DE APARELHOS DE AR-CONDICIONADO
2030,4.01.02.01.0009,40102010009,SERVIÇOS CARTORÁRIOS E REGISTROS
1101,4.02.03.06.0007,40203060007,REPARO DA PRUMADA HIDRÁULICA
1478,4.02.03.01.0032,40203010032,MATERIAIS PARA MANUTENÇÕES DIVERSAS
1478,4.01.02.02.0010,40102020010,MATERIAIS ELÉTRICOS/LÂMPADAS
1478,4.01.02.02.0036,40102020036,MATERIAIS MANUTENÇÕES DIVERSAS
0811,4.01.02.02.0007,40102020007,MANUTENÇÃO JARDIM
0753,4.01.02.02.0008,40102020008,MANUTENÇÃO ELÉTRICA
0753,4.01.02.02.0057,40102020057,MANUTENÇÃO DO PORTÃO SOCIAL
0753,4.02.03.08.0001,40203080001,AQUISIÇÃO DE TAGS E CONTROLES PARA REPASSE
0753,4.01.02.02.0092,40102020092,MANUTENÇÃO DA ILUMINAÇÃO DO CONDOMÍNIO
1902,4.01.02.02.0017,40102020017,MANUTENÇÃO DO SISTEMA DE SEGURANÇA
1902,4.01.02.02.0078,40102020078,MANUTENÇÃO DO PORTÃO DE VEÍCULOS
1902,4.01.02.02.0067,40102020067,MANUTENÇÃO DA CENTRAL DE INTERFONES
2447,4.02.03.10.0011,40203100011,LAUDOS TECNICOS
2447,4.02.03.06.0096,40203060096,MEDIÇÃO E LAUDO ELÉTRICO DO PRÉDIO
2364,4.01.02.02.0047,40102020047,RESTAURAÇÃO DE PAPEL DE PAREDE DO HALL
3126,4.01.02.02.0008,40102020008,MANUTENÇÃO ELÉTRICA
2958,4.02.03.06.0114,40203060114,MANUTENÇÃO DO SISTEMA DE SEGURANÇA
2958,4.01.02.02.0017,40102020017,MANUTENÇÃO DO SISTEMA DE SEGURANÇA
1113,4.01.04.01.0004,40104010004,TRATAMENTO E LIMPEZA DA PISCINA
3175,4.02.03.06.0117,40203060117,PINTURA DO HALL DE ENTRADA - MÃO DE OBRA
1899,4.02.03.01.0052,40203010052,REFORMA DO SALÃO DE FESTAS - OUTROS
2407,4.01.02.02.0120,40102020120,MANUTENÇÕES DIVERSAS
0752,4.01.02.02.0007,40102020007,MANUTENÇÃO JARDIM
0752,4.01.04.01.0005,40104010005,MANUTENÇÃO DO JARDIM
2059,4.01.02.02.0084,40102020084,MANUTENÇÃO DA BOIA/BOMBA DA CAIXA DE ÁGUA
2059,4.01.02.02.0009,40102020009,MANUTENÇÃO HIDRÁULICA
2059,4.01.02.02.0122,40102020122,LIMPEZA ANUAL DA FOSSA
2401,4.01.02.02.0078,40102020078,MANUTENÇÃO DO PORTÃO DE VEÍCULOS
1279,4.01.02.02.0089,40102020089,MANUTENÇÃO DO MOTOR RESERVA DO PORTÃO DE VEÍCULOS
1279,4.01.02.02.0092,40102020092,MANUTENÇÃO DA ILUMINAÇÃO DO CONDOMÍNIO
1279,4.01.02.02.0008,40102020008,MANUTENÇÃO ELÉTRICA
1279,4.02.03.06.0113,40203060113,MANUTENÇÃO DO MOTOR RESERVA DO PORTÃO DE VEÍCULOS
1279,4.01.02.02.0078,40102020078,MANUTENÇÃO DO PORTÃO DE VEÍCULOS
1279,4.01.02.02.0080,40102020080,MANUTENÇÃO SISTEMA DE CÂMERAS DE SEGURANÇA (DESUSO)
1279,4.01.02.02.0049,40102020049,MANUTENÇÃO DA CERCA ELÉTRICA/CONCERTINA
1279,4.01.04.01.0004,40104010004,TRATAMENTO E LIMPEZA DA PISCINA
1279,4.01.02.02.0009,40102020009,MANUTENÇÃO HIDRÁULICA
1279,4.01.02.02.0067,40102020067,MANUTENÇÃO DA CENTRAL DE INTERFONES
1151,4.01.02.02.0067,40102020067,MANUTENÇÃO DA CENTRAL DE INTERFONES
1591,4.01.02.02.0128,40102020128,REPARO DE OMBRELONE
1738,4.01.02.02.0080,40102020080,MANUTENÇÃO SISTEMA DE CÂMERAS DE SEGURANÇA (DESUSO)
1738,4.01.02.02.0071,40102020071,MANUTENÇÃO DO PORTÃO DE SAÍDA DE VEÍCULOS (DESUSO)
1738,4.01.02.02.0078,40102020078,MANUTENÇÃO DO PORTÃO DE VEÍCULOS
1738,4.01.02.02.0017,40102020017,MANUTENÇÃO DO SISTEMA DE SEGURANÇA
0853,4.01.02.02.0049,40102020049,MANUTENÇÃO DA CERCA ELÉTRICA/CONCERTINA
0853,4.01.02.02.0017,40102020017,MANUTENÇÃO DO SISTEMA DE SEGURANÇA
0853,4.01.02.02.0078,40102020078,MANUTENÇÃO DO PORTÃO DE VEÍCULOS
0853,4.01.02.02.0008,40102020008,MANUTENÇÃO ELÉTRICA
3220,4.02.01.02.0062,40201020062,INSTALAÇÃO DE AR CONDICIONADO NA GUARITA
2206,4.02.03.05.0004,40203050004,REPAROS NA BOMBA DA CAIXA DÁGUA
1686,4.01.02.02.0041,40102020041,REPAROS NOS APARELHOS DA ACADEMIA
1686,4.02.03.01.0013,40203010013,MANUTENÇÃO DOS EQUIPAMENTOS DA ACADEMIA
1787,4.02.03.06.0030,40203060030,REFORMA DA GARAGEM - OUTROS
2426,4.01.02.02.0007,40102020007,MANUTENÇÃO JARDIM
2426,4.01.02.02.0083,40102020083,APLICAÇÃO DE VENENO NO JARDIM
2426,4.01.04.01.0005,40104010005,MANUTENÇÃO DO JARDIM
2417,4.01.02.02.0154,40102020154,INSTALAÇÃO DE SISTEMA DE ELIMINAÇÃO DE AR EM REDE HIDRÁULICA
1583,4.02.03.06.0048,40203060048,PINTURAS DIVERSAS
1583,4.01.02.02.0081,40102020081,PINTURA DE AREAS COMUNS
1583,4.01.02.02.0043,40102020043,RESSARCIMENTO DE DANOS
1261,4.02.01.02.0010,40201020010,CUSTOS COM ASSEMBLEIA GERAL
2413,4.01.02.02.0084,40102020084,MANUTENÇÃO DA BOIA/BOMBA DA CAIXA DE ÁGUA
2413,4.01.02.02.0092,40102020092,MANUTENÇÃO DA ILUMINAÇÃO DO CONDOMÍNIO
2413,4.02.03.06.0088,40203060088,REPAROS DO MOTOR/FILTRO DA PISCINA
2413,4.02.03.06.0089,40203060089,MANUTENÇÃO DA ILUMINAÇÃO DO CONDOMÍNIO
3014,4.02.03.01.0017,40203010017,REPARO NOS EQUIPAMENTOS DO SALÃO DE FESTAS/ESPAÇO GOURMET
1322,4.02.03.06.0061,40203060061,REFORMA DO BANHEIRO DA ÁREA COMUM
1322,4.02.03.08.0008,40203080008,REPARO HIDRAULICO EM UNIDADE AUTÔNOMA
1322,4.01.02.02.0084,40102020084,MANUTENÇÃO DA BOIA/BOMBA DA CAIXA DE ÁGUA
1322,4.01.02.02.0009,40102020009,MANUTENÇÃO HIDRÁULICA
1322,4.02.03.06.0127,40203060127,MANUTENÇÃO DA BOMBA/BOIA DA CAIXA DE ÁGUA
2961,4.01.02.02.0120,40102020120,MANUTENÇÕES DIVERSAS
2961,4.01.02.02.0078,40102020078,MANUTENÇÃO DO PORTÃO DE VEÍCULOS
2961,4.01.02.02.0071,40102020071,MANUTENÇÃO DO PORTÃO DE SAÍDA DE VEÍCULOS (DESUSO)
3134,4.01.02.02.0168,40102020168,MANUTENÇÃO DO SISTEMA DE BIOMETRIA FACIAL
3134,4.01.02.02.0079,40102020079,MANUTENÇÃO DE INTERFONES
3134,4.01.02.02.0057,40102020057,MANUTENÇÃO DO PORTÃO SOCIAL
3134,4.01.02.02.0092,40102020092,MANUTENÇÃO DA ILUMINAÇÃO DO CONDOMÍNIO
1507,4.01.02.02.0121,40102020121,MANUTENÇÃO NA CALÇADA EXTERNA
3514,4.01.02.02.0173,40102020173,LIMPEZA DE MARQUISE
3514,4.01.02.02.0092,40102020092,MANUTENÇÃO DA ILUMINAÇÃO DO CONDOMÍNIO
3208,4.01.02.02.0078,40102020078,MANUTENÇÃO DO PORTÃO DE VEÍCULOS
2243,4.02.03.06.0083,40203060083,REPARO DO TELHADO DA AREA COMUM
2243,4.02.01.03.0003,40201030003,REFORMA DA ALVENARIA E PINTURA DO CONDOMÍNIO - MÃO DE OBRA
2243,4.02.01.03.0006,40201030006,CONFECÇÃO DE LIXEIRA EM CONCRETO
3074,4.02.03.06.0008,40203060008,REFORMA DA AREA DA PISCINA E SALÃO DE FESTAS
3074,4.01.02.02.0007,40102020007,MANUTENÇÃO JARDIM
3074,4.01.02.02.0058,40102020058,PODA DE ÁRVORES/COQUEIROS
1719,4.01.02.02.0134,40102020134,MANUTENÇÃO DA PRUMADA DE GÁS
1714,4.01.04.01.0021,40104010021,RETIRADA DO LIXO RECICLÁVEL
2262,4.02.01.02.0048,40201020048,AQUISIÇÃO DE EQUIPAMENTOS PARA ACADEMIA
2262,4.01.02.02.0041,40102020041,REPAROS NOS APARELHOS DA ACADEMIA
1988,4.01.04.01.0004,40104010004,TRATAMENTO E LIMPEZA DA PISCINA
2955,4.01.02.02.0041,40102020041,REPAROS NOS APARELHOS DA ACADEMIA
2032,4.02.03.06.0124,40203060124,INSTALAÇÃO DE LEITOR DE BIOMETRIA FACIAL
3487,4.01.02.02.0066,40102020066,MANUTENÇÃO DA CAIXA DÁGUA ELEVADA
2344,4.02.01.02.0038,40201020038,AQUISIÇÃO DE APARELHO CELULAR
2344,4.02.03.06.0100,40203060100,AQUISIÇÃO DE APARELHO CELULAR
1246,4.02.03.01.0022,40203010022,AQUISIÇÃO DE BRINQUEDOS PARA O PARQUINHO
0796,4.02.03.06.0014,40203060014,COBERTURA DO BICICLETÁRIO
0796,4.01.02.02.0036,40102020036,MATERIAIS MANUTENÇÕES DIVERSAS
0796,4.02.03.01.0001,40203010001,AQUISIÇÃO DE UTENSILIOS PARA O SALÃO DE FESTAS
0796,4.01.02.02.0004,40102020004,MATERIAIS DE LIMPEZA E HIGIENE
0796,4.02.03.07.0008,40203070008,REFORMA DA SAUNA - MATERIAIS
0796,4.02.03.06.0026,40203060026,REFORMA DO DECK DA PISCINA - MATERIAL
0796,4.01.02.02.0054,40102020054,MANUTENÇÃO DA CARRIOLA
0796,4.01.02.02.0011,40102020011,MATERIAIS HIDRÁULICOS
0796,4.02.03.06.0019,40203060019,REFORMA DA GARAGEM - MATERIAIS
0796,4.01.02.02.0071,40102020071,MANUTENÇÃO DO PORTÃO DE SAÍDA DE VEÍCULOS (DESUSO)
0796,4.01.02.02.0010,40102020010,MATERIAIS ELÉTRICOS/LÂMPADAS
2207,4.02.03.05.0004,40203050004,REPAROS NA BOMBA DA CAIXA DÁGUA
2207,4.02.03.08.0019,40203080019,VALORES PAGOS A SEREM DEVOLVIDOS
1278,4.02.03.11.0028,40203110028,LIMPEZA E DESINFECÇÃO DAS CAIXAS DÁGUA
1663,4.02.03.05.0004,40203050004,REPAROS NA BOMBA DA CAIXA DÁGUA
1663,4.01.02.02.0084,40102020084,MANUTENÇÃO DA BOIA/BOMBA DA CAIXA DE ÁGUA
1663,4.01.02.02.0009,40102020009,MANUTENÇÃO HIDRÁULICA
1663,4.02.03.08.0019,40203080019,VALORES PAGOS A SEREM DEVOLVIDOS
1803,4.01.02.02.0029,40102020029,MANUTENÇÃO DE IMPRESSORA
0768,4.01.02.02.0018,40102020018,MANUTENÇÃO EXTINTORES E MANGUEIRAS DE INCÊNDIO
0768,4.01.02.02.0032,40102020032,MANUTENÇÃO DAS MANGUEIRAS DE INCÊNDIO
0768,4.01.02.02.0031,40102020031,MANUTENÇÃO/RECARGA DOS EXTINTORES DE INCÊNDIO
1159,4.01.01.03.0002,40101030002,SERVIÇO DE PORTARIA PRESENCIAL - MENSAL
1159,4.01.01.03.0005,40101030005,SERVIÇO DE PORTARIA/LIMPEZA/ZELADORIA - MENSAL
2922,4.02.03.10.0008,40203100008,MATERIAL DE LIMPEZA E HIGIENE
2922,4.01.02.02.0004,40102020004,MATERIAIS DE LIMPEZA E HIGIENE
1368,4.02.03.06.0030,40203060030,REFORMA DA GARAGEM - OUTROS
1368,4.02.03.06.0122,40203060122,REPAROS NOS MUROS DA AREA COMUM
1199,4.01.04.01.0006,40104010006,TRATAMENTO DO POÇO ARTESIANO
1199,4.02.03.10.0004,40203100004,ANALISE E TRATAMENTO DA ÁGUA DO POÇO ARTESIANO
1199,4.02.03.10.0012,40203100012,ANALISE COMPLETA DA ÁGUA DO POÇO ARTESIANO
0756,4.01.01.01.0015,40101010015,AUXILIO ALIMENTAÇÃO REF. EMPREGADOS
0756,4.01.01.01.0027,40101010027,CESTA DE NATAL PARA EMPREGADO(S)
0756,4.02.03.09.0011,40203090011,GRATIFICAÇÃO DE FIM DE ANO PARA EMPREGADOS
1205,4.02.03.06.0015,40203060015,INSTALAÇÃO DE GUARDA-CORPO NA PISCINA
1205,4.01.02.02.0026,40102020026,MANUTENÇÃO DA PISCINA
1205,4.01.02.02.0146,40102020146,MANUTENÇÃO DO PORTÃO DA PISCINA
1205,4.01.02.02.0005,40102020005,MANUTENÇÃO EM PORTAS
1546,4.02.03.06.0018,40203060018,REFORMA DA GARAGEM - MÃO DE OBRA
1546,4.02.03.06.0053,40203060053,MANUTENÇÃO DA CAIXA DÁGUA
1546,4.02.03.06.0059,40203060059,SUBSTITUIÇÃO DA MANTA ASFALTICA DO TERRAÇO - MÃO DE OBRA
1546,4.02.03.06.0030,40203060030,REFORMA DA GARAGEM - OUTROS
2937,4.01.04.01.0004,40104010004,TRATAMENTO E LIMPEZA DA PISCINA
1177,4.01.02.02.0119,40102020119,MANUTENÇÃO DA PRUMADA DE ESGOTO
1177,4.01.02.02.0025,40102020025,REPARO NA PRUMADA HIDRAULICA
1177,4.02.03.08.0019,40203080019,VALORES PAGOS A SEREM DEVOLVIDOS
1177,4.02.03.06.0007,40203060007,REPARO DA PRUMADA HIDRÁULICA
1177,4.02.03.06.0079,40203060079,REFORMA DO TELHADO DO CONDOMÍNIO - MATERIAIS
1177,4.02.03.06.0080,40203060080,REFORMA DO TELHADO DO CONDOMÍNIO - OUTROS
1177,4.01.02.02.0124,40102020124,DESENTUPIMENTO DA PRUMADA HIDRAULICA/REDE ESGOTO
1177,4.02.03.08.0032,40203080032,VISTORIA HIDRAULICA EM UNIDADE AUTONOMA
1177,4.02.03.06.0132,40203060132,REFORMA DA CAIXA DE AGUA E IMPERMEABILIZAÇÕES DA CASA DE MÁQUINAS E CAIXA DE GÁS
2414,4.01.02.02.0153,40102020153,MANUTENÇÃO DA CORTINA DA RECEPÇÃO
1345,4.02.01.02.0014,40201020014,AQUISIÇÃO DE CONTROLES REMOTO PARA MORADORES
1345,4.02.03.08.0001,40203080001,AQUISIÇÃO DE TAGS E CONTROLES PARA REPASSE
2020,4.01.01.01.0001,40101010001,ORDENADOS E SALÁRIOS REF. EMPREGADOS
2020,4.01.01.01.0017,40101010017,AUXILIO COMBUSTÍVEL REF. EMPREGADOS
2020,4.01.01.01.0002,40101010002,FÉRIAS
2020,4.01.01.01.0031,40101010031,REPASSE DE EMPRESTIMO CONSIGNADO DE EMPREGADOS (DESCONTADO DO SALÁRIO)
2020,4.02.03.07.0003,40203070003,FÉRIAS
2020,4.02.03.07.0005,40203070005,RESCISÃO DE CONTRATO DE TRABALHO
1658,4.01.02.02.0131,40102020131,RETIRADA DO LIXO RECICLÁVEL
0112,4.01.02.03.0006,40102030006,HONORÁRIOS DE VICE-SÍNDICO(A)
0112,4.01.01.01.0023,40101010023,SUBSTITUIÇÃO DE EMPREGADOS EM FÉRIAS
0112,4.02.03.09.0005,40203090005,SUBSTITUIÇÕES DE EMPREGADOS EM FÉRIAS
1202,4.02.03.08.0006,40203080006,SUBSTITUIÇÃO DE HIDROMETRO
1202,4.02.03.11.0004,40203110004,SUBSTITUIÇÃO DE HIDROMETRO
3081,4.01.02.01.0008,40102010008,CORREIOS E MALOTES
0857,4.01.02.02.0039,40102020039,MATERIAIS PARA MANUTENÇÃO DA PISCINA
0857,4.02.03.11.0015,40203110015,MATERIAIS PARA MANUTENÇÃO DA PISCINA
2149,4.01.01.01.0023,40101010023,SUBSTITUIÇÃO DE EMPREGADOS EM FÉRIAS
2415,4.02.03.06.0090,40203060090,PINTURA DA ACADEMIA - MÃO DE OBRA
2415,4.01.02.02.0124,40102020124,DESENTUPIMENTO DA PRUMADA HIDRAULICA/REDE ESGOTO
2968,4.02.01.02.0054,40201020054,ESTACIONAMENTO
1774,4.01.02.02.0017,40102020017,MANUTENÇÃO DO SISTEMA DE SEGURANÇA
1774,4.01.02.02.0078,40102020078,MANUTENÇÃO DO PORTÃO DE VEÍCULOS
0775,4.01.01.01.0017,40101010017,AUXILIO COMBUSTÍVEL REF. EMPREGADOS
0775,4.01.01.01.0026,40101010026,SUBSTITUIÇÃO DE EMPREGADOS DEVIDO LICENÇA MÉDICA
3319,4.01.02.02.0011,40102020011,MATERIAIS HIDRÁULICOS
1183,4.02.03.09.0007,40203090007,RESCISÃO DE CONTRATO DE TRABALHO
2925,4.01.01.01.0001,40101010001,ORDENADOS E SALÁRIOS REF. EMPREGADOS
2925,4.02.03.07.0001,40203070001,13º SALÁRIOS
2925,4.02.03.07.0003,40203070003,FÉRIAS
2885,4.01.01.01.0001,40101010001,ORDENADOS E SALÁRIOS REF. EMPREGADOS
2885,4.02.03.07.0001,40203070001,13º SALÁRIOS
2885,4.02.03.07.0005,40203070005,RESCISÃO DE CONTRATO DE TRABALHO
1130,4.01.01.01.0013,40101010013,SEGURO DE VIDA REF. EMPREGADOS
0863,4.01.01.01.0013,40101010013,SEGURO DE VIDA REF. EMPREGADOS
1281,4.02.03.06.0010,40203060010,RESTAURAÇÃO DE PISO
2239,4.01.02.02.0021,40102020021,SERVIÇOS CHAVEIRO
2239,4.01.02.02.0088,40102020088,SUBSTITUIÇÃO DE FECHADURA DE PORTA
2239,4.01.02.02.0120,40102020120,MANUTENÇÕES DIVERSAS
0834,4.01.02.01.0012,40102010012,SEGURO DO CONDOMÍNIO
0834,4.01.02.01.0015,40102010015,SEGURO PREDIAL E DE VIDA DOS EMPREGADOS
0834,4.01.01.01.0013,40101010013,SEGURO DE VIDA REF. EMPREGADOS
2910,4.01.02.02.0017,40102020017,MANUTENÇÃO DO SISTEMA DE SEGURANÇA
2910,4.02.03.06.0114,40203060114,MANUTENÇÃO DO SISTEMA DE SEGURANÇA
0875,4.01.01.03.0003,40101030003,SERVIÇO DE PORTARIA REMOTA - MENSAL
0875,4.01.02.02.0057,40102020057,MANUTENÇÃO DO PORTÃO SOCIAL
0875,4.01.02.02.0078,40102020078,MANUTENÇÃO DO PORTÃO DE VEÍCULOS
0875,4.01.01.01.0028,40101010028,SERVIÇO DE SEGURANÇA - DIARISTA
3129,4.01.02.02.0005,40102020005,MANUTENÇÃO EM PORTAS
0529,4.01.02.03.0004,40102030004,HONORÁRIOS DE SÍNDICO
2080,4.01.02.02.0046,40102020046,MATERIAIS ALIMENTÍCIOS PARA EMPREGADOS
2080,4.01.02.02.0004,40102020004,MATERIAIS DE LIMPEZA E HIGIENE
3142,4.01.02.02.0004,40102020004,MATERIAIS DE LIMPEZA E HIGIENE
0760,4.01.02.02.0027,40102020027,TESTE DE ESTANQUEIDADE PRUMADA DE GÁS
0760,4.01.02.02.0030,40102020030,REPARO DE VAZAMENTO DE GÁS
0760,4.02.03.08.0014,40203080014,REPARO DE VAZAMENTO DE GÁS EM UNIDADE
0760,4.02.03.08.0015,40203080015,TESTE DE ESTANQUEIDADE NO SISTEMA DE GÁS NAS UNIDADES
0760,4.02.03.08.0016,40203080016,SUBSTITUIÇÃO DOS EQUIPAMENTOS DE GÁS NAS UNIDADES
0760,4.02.03.06.0066,40203060066,SUBSTITUIÇÃO DE EQUIPAMENTOS DE GÁS
0760,4.01.02.02.0162,40102020162,VISITA TÉCNICA DE GÁS
1370,4.01.02.02.0092,40102020092,MANUTENÇÃO DA ILUMINAÇÃO DO CONDOMÍNIO
1370,4.02.03.06.0101,40203060101,CORREÇÃO DA REFORMA DA CALÇADA - MÃO DE OBRA
1138,4.02.03.01.0010,40203010010,MANUTENÇÃO DE MAQUINA DE LAVAR ROUPAS
1138,4.02.03.01.0037,40203010037,MANUTENÇÃO DE MAQUINA DE SECAR ROUPAS
1227,4.01.02.02.0086,40102020086,RESTAURAÇÃO DO DECK DA PISCINA
2235,4.01.02.02.0147,40102020147,MANUTENÇÃO DE TELEVISOR
1533,4.02.03.06.0047,40203060047,MELHORIAS NO SISTEMA DE SEGURANÇA
1533,4.01.02.02.0120,40102020120,MANUTENÇÕES DIVERSAS
1533,4.02.03.05.0005,40203050005,MANUTENÇÃO DO PORTÃO DE VEÍCULOS
1533,4.01.02.02.0078,40102020078,MANUTENÇÃO DO PORTÃO DE VEÍCULOS
1533,4.01.02.02.0017,40102020017,MANUTENÇÃO DO SISTEMA DE SEGURANÇA
0670,4.01.01.01.0001,40101010001,ORDENADOS E SALÁRIOS REF. EMPREGADOS
0670,4.02.03.09.0003,40203090003,FÉRIAS
0670,4.01.01.01.0003,40101010003,13º SALÁRIO
0670,4.02.03.09.0001,40203090001,13º SALÁRIOS
2017,4.01.01.01.0001,40101010001,ORDENADOS E SALÁRIOS REF. EMPREGADOS
2017,4.02.03.07.0003,40203070003,FÉRIAS
2017,4.02.03.07.0001,40203070001,13º SALÁRIOS
2017,4.01.01.01.0027,40101010027,CESTA DE NATAL PARA EMPREGADO(S)
1806,4.02.03.01.0040,40203010040,MANUTENÇÃO DO REVESTIMENTO DO SALÃO DE FESTAS
1184,4.01.02.02.0004,40102020004,MATERIAIS DE LIMPEZA E HIGIENE
0617,4.01.02.03.0004,40102030004,HONORÁRIOS DE SÍNDICO
3084,4.01.01.01.0011,40101010011,SERVIÇO DE LIMPEZA - DIARISTA
2114,4.01.01.01.0023,40101010023,SUBSTITUIÇÃO DE EMPREGADOS EM FÉRIAS
1456,4.01.02.02.0004,40102020004,MATERIAIS DE LIMPEZA E HIGIENE
1456,4.02.01.02.0007,40201020007,AQUISIÇÃO DE PLACAS OU ADESIVOS DE SINALIZAÇÃO/INFORMATIVAS
1901,4.02.03.06.0023,40203060023,MATERIAIS PARA PINTURA EXTERNA DOS BLOCOS
1901,4.02.03.01.0032,40203010032,MATERIAIS PARA MANUTENÇÕES DIVERSAS
1901,4.01.02.02.0036,40102020036,MATERIAIS MANUTENÇÕES DIVERSAS
3476,4.02.03.01.0072,40203010072,ADEQUAÇÃO DO GÁS DO SALÃO DE FESTAS
2234,4.01.02.02.0017,40102020017,MANUTENÇÃO DO SISTEMA DE SEGURANÇA
2234,4.02.03.06.0110,40203060110,TROCA DO PISO DO PÁTIO E INSTALAÇÃO CAIXAS DE PASSAGEM TELEFONIA
2037,4.01.02.02.0036,40102020036,MATERIAIS MANUTENÇÕES DIVERSAS
2037,4.01.02.02.0010,40102020010,MATERIAIS ELÉTRICOS/LÂMPADAS
2019,4.01.01.01.0001,40101010001,ORDENADOS E SALÁRIOS REF. EMPREGADOS
2019,4.02.03.07.0003,40203070003,FÉRIAS
2019,4.02.03.07.0001,40203070001,13º SALÁRIOS
2019,4.01.01.01.0027,40101010027,CESTA DE NATAL PARA EMPREGADO(S)
2128,4.02.01.02.0022,40201020022,AQUISIÇÃO DE TAPETES PARA ÁREA COMUM
0664,4.01.02.01.0003,40102010003,GÁS
0664,4.02.03.01.0005,40203010005,AQUISIÇÃO DE GÁS PARA O SALÃO DE FESTAS
0778,4.01.02.02.0046,40102020046,MATERIAIS ALIMENTÍCIOS PARA EMPREGADOS
0778,4.02.01.02.0018,40201020018,GRATIFICAÇÃO DE FIM DE ANO PARA COLABORADORES/LIXEIROS
0778,4.01.02.02.0004,40102020004,MATERIAIS DE LIMPEZA E HIGIENE
1305,4.01.02.02.0036,40102020036,MATERIAIS MANUTENÇÕES DIVERSAS
1305,4.01.02.02.0127,40102020127,MANUTENÇÃO DA SAUNA
1713,4.01.01.01.0021,40101010021,EQUIPAMENTOS DE PROTEÇÃO INDIVIDUAL
1713,4.01.02.02.0011,40102020011,MATERIAIS HIDRÁULICOS
1713,4.01.02.02.0009,40102020009,MANUTENÇÃO HIDRÁULICA
1713,4.01.02.02.0036,40102020036,MATERIAIS MANUTENÇÕES DIVERSAS
1713,4.01.02.02.0010,40102020010,MATERIAIS ELÉTRICOS/LÂMPADAS
1713,4.02.03.06.0120,40203060120,REFORMA DO MURO DA ÁREA DE LAZER
1651,4.01.02.02.0001,40102020001,MANUTENÇÃO DA MAQUINA APARADORA DE GRAMA
1651,4.01.02.02.0053,40102020053,COMBUSTIVEL PARA MAQUINA APARADORA DE GRAMA
2359,4.02.01.02.0040,40201020040,AQUISIÇÃO E INSTALAÇÃO DE TELA DE SOMBRA PARA QUADRA DE ESPORTES
2882,4.01.02.02.0005,40102020005,MANUTENÇÃO EM PORTAS
2499,4.02.01.02.0050,40201020050,AQUISIÇÃO DE CONTROLE PORTÃO/TAG PARA USO DO CONDOMINIO
1265,4.02.03.07.0007,40203070007,PRESENTE DE ANIVERSÁRIO PARA COLABORADORA
0684,4.01.01.01.0001,40101010001,ORDENADOS E SALÁRIOS REF. EMPREGADOS
0684,4.02.03.09.0003,40203090003,FÉRIAS
0684,4.02.03.09.0001,40203090001,13º SALÁRIOS
0684,4.02.03.09.0005,40203090005,SUBSTITUIÇÕES DE EMPREGADOS EM FÉRIAS
0815,4.01.02.02.0044,40102020044,CÓPIAS E IMPRESSÕES
3165,4.02.01.02.0061,40201020061,AQUISIÇÃO DE GÁS PARA COZINHA DA AREA COMUM
2173,4.02.03.12.0007,40203120007,AQUISIÇÃO DE MÓVEIS PARA O SALÃO DE FESTAS
0858,4.02.03.06.0005,40203060005,PINTURA DAS ÁREAS COMUNS
0858,4.01.02.02.0115,40102020115,MATERIAIS PARA MANUTENÇÃO DA PINTURA DA AREA COMUM
0858,4.02.03.06.0075,40203060075,REFORMA DA FACHADA DO CONDOMÍNIO - MATERIAIS
2074,4.02.01.02.0032,40201020032,AQUISIÇÃO DE CANTONEIRAS PARA PILARES DA GARAGEM
1460,4.02.03.06.0039,40203060039,CONSORCIO PARA REFORMA DA TUBULAÇÃO DO GÁS
1460,4.02.03.06.0040,40203060040,CONSORCIO PARA REFORMA DO CONDOMÍNIO
1435,4.01.02.01.0012,40102010012,SEGURO DO CONDOMÍNIO
1435,4.02.03.11.0023,40203110023,SEGURO DO CONDOMÍNIO
1150,4.01.02.02.0065,40102020065,MANUTENÇÃO DO MOTOR/FILTRO DA PISCINA
1150,4.01.02.02.0039,40102020039,MATERIAIS PARA MANUTENÇÃO DA PISCINA
1150,4.01.02.02.0011,40102020011,MATERIAIS HIDRÁULICOS
1369,4.02.03.06.0058,40203060058,SUBSTITUIÇÃO DA MANTA ASFALTICA DO TERRAÇO - MATERIAL
1369,4.02.03.06.0019,40203060019,REFORMA DA GARAGEM - MATERIAIS
1369,4.02.03.06.0031,40203060031,REFORMA DA CAIXA DÁGUA
1369,4.02.03.06.0132,40203060132,REFORMA DA CAIXA DE AGUA E IMPERMEABILIZAÇÕES DA CASA DE MÁQUINAS E CAIXA DE GÁS
0247,4.01.02.03.0004,40102030004,HONORÁRIOS DE SÍNDICO
1469,4.02.01.02.0018,40201020018,GRATIFICAÇÃO DE FIM DE ANO PARA COLABORADORES/LIXEIROS
1469,4.01.02.02.0004,40102020004,MATERIAIS DE LIMPEZA E HIGIENE
1469,4.02.01.02.0017,40201020017,LEMBRANÇA DE NATAL PARA COLABORADORES
1469,4.01.02.02.0117,40102020117,SACOS PARA LIXO
1469,4.01.02.02.0010,40102020010,MATERIAIS ELÉTRICOS/LÂMPADAS
1409,4.02.03.08.0011,40203080011,INSTALAÇÃO DE FOTOCELULA NO PORTÃO DE VEÍCULOS
1409,4.02.03.08.0012,40203080012,REPARO DO PORTÃO DE VEÍCULOS
1409,4.01.02.02.0132,40102020132,SUBSTITUIÇÃO DO MOTOR DO PORTÃO DE VEÍCULOS
1409,4.02.03.08.0001,40203080001,AQUISIÇÃO DE TAGS E CONTROLES PARA REPASSE
1409,4.01.02.02.0005,40102020005,MANUTENÇÃO EM PORTAS
2507,4.02.03.06.0098,40203060098,REFORMA DA ACADEMIA - MATERIAIS
2507,4.02.03.12.0010,40203120010,REFORMA DA AREA DE LAZER
1882,4.02.03.06.0067,40203060067,PROJETO ARQUITETÔNICO PARA REFORMA DO SALÃO DE FESTAS
2498,4.02.03.01.0063,40203010063,TECIDO PARA TOALHA DE MESA DE SALÃO DE FESTAS
1604,4.02.03.01.0005,40203010005,AQUISIÇÃO DE GÁS PARA O SALÃO DE FESTAS
1238,4.01.02.02.0004,40102020004,MATERIAIS DE LIMPEZA E HIGIENE
1238,4.02.03.08.0022,40203080022,AQUISIÇÃO DE CARTÕES DO CARRINHO DE COMPRAS PARA REPASSE
1238,4.02.01.02.0022,40201020022,AQUISIÇÃO DE TAPETES PARA ÁREA COMUM
1238,4.02.03.01.0049,40203010049,AQUISIÇÃO DE LIXEIRA PARA O SALÃO DE FESTAS
1238,4.01.02.02.0144,40102020144,MATERIAIS PARA LIMPEZA DO PISO DA AREA DA PISCINA
0881,4.01.02.02.0016,40102020016,MATERIAIS DE ESCRITÓRIO
1532,4.02.03.06.0120,40203060120,REFORMA DO MURO DA ÁREA DE LAZER
1532,4.02.03.06.0122,40203060122,REPAROS NOS MUROS DA AREA COMUM
0749,4.01.01.01.0005,40101010005,FGTS REF. EMPREGADOS
0749,4.02.03.07.0002,40203070002,ENCARGOS SOBRE FOLHA DE 13º SALÁRIOS
0749,4.02.03.09.0002,40203090002,ENCARGOS SOBRE FOLHA DE 13º SALÁRIOS
0749,4.01.01.01.0006,40101010006,VERBAS RESCISÓRIAS CONTRATO DE TRABALHO
0749,4.02.03.09.0007,40203090007,RESCISÃO DE CONTRATO DE TRABALHO
0749,4.02.03.07.0005,40203070005,RESCISÃO DE CONTRATO DE TRABALHO
0749,4.01.01.01.0031,40101010031,REPASSE DE EMPRESTIMO CONSIGNADO DE EMPREGADOS (DESCONTADO DO SALÁRIO)
0749,4.01.01.01.0008,40101010008,MULTA FGTS RESCISÃO
0749,4.02.03.07.0010,40203070010,MULTA FGTS REF. RESCISÃO DE CONTRATO DE TRABALHO
0749,4.01.01.01.0001,40101010001,ORDENADOS E SALÁRIOS REF. EMPREGADOS
1833,4.01.02.02.0078,40102020078,MANUTENÇÃO DO PORTÃO DE VEÍCULOS
1833,4.01.02.02.0057,40102020057,MANUTENÇÃO DO PORTÃO SOCIAL
2102,4.02.03.06.0077,40203060077,PINTURA DAS GRADES DA ÁREA COMUM
1514,4.02.03.01.0008,40203010008,HIGIENIZAÇÃO DE APARELHOS DE AR-CONDICIONADO
0606,4.01.02.03.0004,40102030004,HONORÁRIOS DE SÍNDICO
0606,4.01.02.02.0082,40102020082,LIMPEZA DO TELHADO
0606,4.01.02.02.0007,40102020007,MANUTENÇÃO JARDIM
1362,4.01.02.02.0101,40102020101,MANUTENÇÃO NO SISTEMA DE AQUECIMENTO DA PISCINA
1698,4.02.01.02.0044,40201020044,AQUISIÇÃO DE CADEIRA PARA PORTARIA
1788,4.01.02.02.0035,40102020035,MATERIAIS PARA MANUTENÇÃO DO JARDIM
3062,4.02.03.01.0067,40203010067,AQUISIÇÃO DE TOALHAS PARA O SALÃO DE FESTAS
3396,4.01.02.02.0007,40102020007,MANUTENÇÃO JARDIM
1213,4.01.02.02.0010,40102020010,MATERIAIS ELÉTRICOS/LÂMPADAS
1519,4.01.02.02.0046,40102020046,MATERIAIS ALIMENTÍCIOS PARA EMPREGADOS
1519,4.02.01.02.0017,40201020017,LEMBRANÇA DE NATAL PARA COLABORADORES
1080,4.01.02.03.0006,40102030006,HONORÁRIOS DE VICE-SÍNDICO(A)
1445,4.01.02.01.0003,40102010003,GÁS
1239,4.01.02.02.0001,40102020001,MANUTENÇÃO DA MAQUINA APARADORA DE GRAMA
1239,4.01.02.02.0036,40102020036,MATERIAIS MANUTENÇÕES DIVERSAS
1239,4.01.02.02.0010,40102020010,MATERIAIS ELÉTRICOS/LÂMPADAS
1239,4.01.02.02.0011,40102020011,MATERIAIS HIDRÁULICOS
1239,4.01.01.01.0021,40101010021,EQUIPAMENTOS DE PROTEÇÃO INDIVIDUAL
1239,4.02.03.06.0093,40203060093,AQUISIÇÃO DE LAVADORA DE ALTA PRESSÃO
1239,4.02.01.02.0026,40201020026,AQUISIÇÃO DE FERRAMENTAS DIVERSAS
1239,4.01.02.02.0169,40102020169,REFORMA DA AREA DE LAZER
1492,4.02.03.06.0126,40203060126,MANUTENÇÃO DA BOMBA DE ÁGUA
1492,4.02.03.06.0127,40203060127,MANUTENÇÃO DA BOMBA/BOIA DA CAIXA DE ÁGUA
1375,4.02.03.06.0032,40203060032,OUTRAS DESPESAS DECORRENTES DA PINTURA EXTERNA DOS BLOCOS
1375,4.02.03.10.0013,40203100013,INSTALAÇÃO DO PONTO DE LAVAGEM - OUTROS
1375,4.02.03.06.0075,40203060075,REFORMA DA FACHADA DO CONDOMÍNIO - MATERIAIS
1375,4.02.03.06.0076,40203060076,REFORMA DA FACHADA DO CONDOMÍNIO - OUTROS
1168,4.01.02.01.0001,40102010001,ENERGIA ELÉTRICA
0772,4.01.02.02.0057,40102020057,MANUTENÇÃO DO PORTÃO SOCIAL
0772,4.02.03.01.0008,40203010008,HIGIENIZAÇÃO DE APARELHOS DE AR-CONDICIONADO
0772,4.01.02.02.0084,40102020084,MANUTENÇÃO DA BOIA/BOMBA DA CAIXA DE ÁGUA
0772,4.02.03.01.0046,40203010046,REPAROS EM APARELHO(S) DE AR-CONDICIONADO
0772,4.01.02.02.0008,40102020008,MANUTENÇÃO ELÉTRICA
0772,4.02.03.08.0008,40203080008,REPARO HIDRAULICO EM UNIDADE AUTÔNOMA
0772,4.01.02.02.0009,40102020009,MANUTENÇÃO HIDRÁULICA
0772,4.02.03.01.0017,40203010017,REPARO NOS EQUIPAMENTOS DO SALÃO DE FESTAS/ESPAÇO GOURMET
0772,4.02.03.01.0013,40203010013,MANUTENÇÃO DOS EQUIPAMENTOS DA ACADEMIA
0772,4.01.02.02.0092,40102020092,MANUTENÇÃO DA ILUMINAÇÃO DO CONDOMÍNIO
0772,4.02.03.06.0089,40203060089,MANUTENÇÃO DA ILUMINAÇÃO DO CONDOMÍNIO
0772,4.01.02.02.0028,40102020028,HIGIENIZAÇÃO DE AR CONDICIONADO (S)
1204,4.01.02.02.0141,40102020141,MANUTENÇÃO CASCATA DA PISCINA
1204,4.01.02.02.0092,40102020092,MANUTENÇÃO DA ILUMINAÇÃO DO CONDOMÍNIO
1204,4.02.03.06.0008,40203060008,REFORMA DA AREA DA PISCINA E SALÃO DE FESTAS
2113,4.01.02.02.0010,40102020010,MATERIAIS ELÉTRICOS/LÂMPADAS
2113,4.01.02.02.0011,40102020011,MATERIAIS HIDRÁULICOS
2113,4.01.02.02.0035,40102020035,MATERIAIS PARA MANUTENÇÃO DO JARDIM
2113,4.01.02.02.0021,40102020021,SERVIÇOS CHAVEIRO
2113,4.02.03.08.0019,40203080019,VALORES PAGOS A SEREM DEVOLVIDOS
2113,4.02.01.02.0001,40201020001,AQUISIÇÃO DE CADEADO
0833,4.01.01.03.0001,40101030001,SERVIÇO DE LIMPEZA - MENSAL
1790,4.01.02.01.0004,40102010004,TELEFONE E INTERNET
0777,4.01.02.01.0004,40102010004,TELEFONE E INTERNET
1187,4.01.02.01.0004,40102010004,TELEFONE E INTERNET
3457,4.01.01.01.0001,40101010001,ORDENADOS E SALÁRIOS REF. EMPREGADOS
2539,4.01.01.01.0001,40101010001,ORDENADOS E SALÁRIOS REF. EMPREGADOS
2539,4.02.03.07.0001,40203070001,13º SALÁRIOS
2539,4.02.03.07.0003,40203070003,FÉRIAS
2539,4.02.03.08.0019,40203080019,VALORES PAGOS A SEREM DEVOLVIDOS
2926,4.02.03.07.0001,40203070001,13º SALÁRIOS
2926,4.01.01.01.0001,40101010001,ORDENADOS E SALÁRIOS REF. EMPREGADOS
2926,4.02.03.07.0003,40203070003,FÉRIAS
3123,4.02.03.06.0120,40203060120,REFORMA DO MURO DA ÁREA DE LAZER
2250,4.02.01.02.0007,40201020007,AQUISIÇÃO DE PLACAS OU ADESIVOS DE SINALIZAÇÃO/INFORMATIVAS
2130,4.01.01.01.0013,40101010013,SEGURO DE VIDA REF. EMPREGADOS
0814,4.02.03.06.0133,40203060133,MATERIAIS PARA PINTURA DAS UNIDADES AUTONOMAS
0814,4.02.03.06.0075,40203060075,REFORMA DA FACHADA DO CONDOMÍNIO - MATERIAIS
2026,4.02.03.06.0073,40203060073,PINTURA DO PRÉDIO - MATERIAIS
2026,4.02.03.06.0123,40203060123,PINTURA DO HALL DE ENTRADA - MATERIAIS
2944,4.02.03.13.0002,40203130002,MATERIAIS PARA MANUTENÇÃO DO JARDIM
2944,4.01.02.02.0035,40102020035,MATERIAIS PARA MANUTENÇÃO DO JARDIM
2944,4.01.02.02.0169,40102020169,REFORMA DA AREA DE LAZER
2383,4.02.03.06.0076,40203060076,REFORMA DA FACHADA DO CONDOMÍNIO - OUTROS
2383,4.02.03.06.0075,40203060075,REFORMA DA FACHADA DO CONDOMÍNIO - MATERIAIS
2383,4.02.03.06.0008,40203060008,REFORMA DA AREA DA PISCINA E SALÃO DE FESTAS
0876,4.02.01.02.0047,40201020047,SUBSTITUIÇÃO DO TROCADOR DE CALOR DA PISCINA
0876,4.01.02.02.0039,40102020039,MATERIAIS PARA MANUTENÇÃO DA PISCINA
0876,4.01.02.02.0127,40102020127,MANUTENÇÃO DA SAUNA
1547,4.02.03.06.0080,40203060080,REFORMA DO TELHADO DO CONDOMÍNIO - OUTROS
1547,4.02.03.06.0085,40203060085,REFORMA DO JARDIM
0771,4.01.02.01.0013,40102010013,GÁS DOS ESPAÇOS
0771,4.01.02.01.0003,40102010003,GÁS
0771,4.02.03.01.0007,40203010007,GÁS DOS ESPAÇOS
0771,4.02.03.08.0019,40203080019,VALORES PAGOS A SEREM DEVOLVIDOS
2045,4.01.02.02.0036,40102020036,MATERIAIS MANUTENÇÕES DIVERSAS
2045,4.02.03.06.0075,40203060075,REFORMA DA FACHADA DO CONDOMÍNIO - MATERIAIS
2045,4.02.03.06.0120,40203060120,REFORMA DO MURO DA ÁREA DE LAZER
2031,4.02.03.01.0054,40203010054,AQUISIÇÃO DE COMPUTADOR PARA GUARITA
2511,4.01.01.03.0005,40101030005,SERVIÇO DE PORTARIA/LIMPEZA/ZELADORIA - MENSAL
1536,4.01.04.01.0015,40104010015,DESPESAS COM A GARAGEM DA SUPERQUADRA
0813,4.02.01.02.0002,40201020002,TAXA CREA DOS ELEVADORES
0813,4.01.04.01.0015,40104010015,DESPESAS COM A GARAGEM DA SUPERQUADRA
1102,4.01.04.01.0011,40104010011,UM TERÇO DAS DESPESAS DA ÁREA COMUM
1102,4.02.03.08.0019,40203080019,VALORES PAGOS A SEREM DEVOLVIDOS
0886,4.01.02.02.0046,40102020046,MATERIAIS ALIMENTÍCIOS PARA EMPREGADOS
0886,4.01.02.02.0004,40102020004,MATERIAIS DE LIMPEZA E HIGIENE
3398,4.01.02.02.0004,40102020004,MATERIAIS DE LIMPEZA E HIGIENE
2179,4.01.02.02.0031,40102020031,MANUTENÇÃO/RECARGA DOS EXTINTORES DE INCÊNDIO
2179,4.02.03.11.0022,40203110022,MANUTENÇÃO DOS EXTINTORES DE INCÊNDIO
1430,4.02.03.01.0038,40203010038,MANUTENÇÃO DO REFRIGERADOR/GELADEIRA DOS ESPAÇOS
1800,4.02.03.06.0062,40203060062,REFORMA DA CALÇADA - OUTROS
1800,4.02.03.06.0135,40203060135,LAUDO TÉCNICO VISTORIA FACHADA
1216,4.01.02.01.0001,40102010001,ENERGIA ELÉTRICA
3011,4.02.03.06.0116,40203060116,REFORMA DA QUADRA DE ESPORTES - OUTROS
3455,4.01.01.01.0017,40101010017,AUXILIO COMBUSTÍVEL REF. EMPREGADOS
0770,4.01.02.01.0001,40102010001,ENERGIA ELÉTRICA
1418,4.01.02.01.0001,40102010001,ENERGIA ELÉTRICA
3151,4.01.02.01.0003,40102010003,GÁS
2971,4.01.02.01.0003,40102010003,GÁS
0659,4.01.02.01.0001,40102010001,ENERGIA ELÉTRICA
0659,4.02.02.03.0002,40202030002,ENERGIA ELÉTRICA - ÁREA DE LAZER
0659,4.02.03.01.0026,40203010026,ENERGIA ELÉTRICA
0659,4.02.03.10.0009,40203100009,ENERGIA ELÉTRICA DA ÁREA COMUM
0659,4.02.03.01.0053,40203010053,ENERGIA ELÉTRICA DO SALÃO DE FESTAS
1699,4.02.01.02.0007,40201020007,AQUISIÇÃO DE PLACAS OU ADESIVOS DE SINALIZAÇÃO/INFORMATIVAS
2252,4.01.02.02.0035,40102020035,MATERIAIS PARA MANUTENÇÃO DO JARDIM
0198,4.01.01.01.0001,40101010001,ORDENADOS E SALÁRIOS REF. EMPREGADOS
0198,4.01.01.01.0002,40101010002,FÉRIAS
0198,4.02.03.09.0001,40203090001,13º SALÁRIOS
0198,4.02.03.07.0001,40203070001,13º SALÁRIOS
0198,4.01.01.01.0016,40101010016,AUXILIO TRANSPORTE REF. EMPREGADOS
0198,4.02.03.07.0003,40203070003,FÉRIAS
2883,4.01.02.02.0159,40102020159,LIMPEZA DAS CAIXAS DE GORDURA
2883,4.01.02.02.0124,40102020124,DESENTUPIMENTO DA PRUMADA HIDRAULICA/REDE ESGOTO
2883,4.02.03.08.0019,40203080019,VALORES PAGOS A SEREM DEVOLVIDOS
2126,4.01.02.02.0036,40102020036,MATERIAIS MANUTENÇÕES DIVERSAS
2109,4.02.03.01.0004,40203010004,LIMPEZA DO SALÃO DE FESTAS
1624,4.01.02.02.0019,40102020019,SERVIÇOS DE PINTURA
1624,4.02.03.06.0008,40203060008,REFORMA DA AREA DA PISCINA E SALÃO DE FESTAS
0673,4.01.01.01.0001,40101010001,ORDENADOS E SALÁRIOS REF. EMPREGADOS
0673,4.02.03.09.0005,40203090005,SUBSTITUIÇÕES DE EMPREGADOS EM FÉRIAS
0673,4.02.03.09.0001,40203090001,13º SALÁRIOS
0673,4.02.03.09.0003,40203090003,FÉRIAS
2906,4.01.01.01.0001,40101010001,ORDENADOS E SALÁRIOS REF. EMPREGADOS
2906,4.02.03.07.0001,40203070001,13º SALÁRIOS
2906,4.01.01.01.0027,40101010027,CESTA DE NATAL PARA EMPREGADO(S)
2906,4.02.03.09.0001,40203090001,13º SALÁRIOS
2906,4.02.03.09.0003,40203090003,FÉRIAS
2927,4.02.03.07.0001,40203070001,13º SALÁRIOS
2927,4.01.01.01.0001,40101010001,ORDENADOS E SALÁRIOS REF. EMPREGADOS
1100,4.01.02.02.0014,40102020014,DEDETIZAÇÃO E DESRATIZAÇÃO DA ÁREA COMUM
1100,4.02.03.06.0017,40203060017,DEDETIZAÇÃO NO TETO DA GARAGEM E AREAS COMUNS
1100,4.01.04.01.0021,40104010021,RETIRADA DO LIXO RECICLÁVEL
1219,4.01.02.02.0004,40102020004,MATERIAIS DE LIMPEZA E HIGIENE
1814,4.01.02.02.0025,40102020025,REPARO NA PRUMADA HIDRAULICA
1814,4.01.02.02.0036,40102020036,MATERIAIS MANUTENÇÕES DIVERSAS
1263,4.02.03.06.0023,40203060023,MATERIAIS PARA PINTURA EXTERNA DOS BLOCOS
1263,4.02.03.01.0035,40203010035,MATERIAIS HIDRAULICOS
1263,4.01.02.02.0036,40102020036,MATERIAIS MANUTENÇÕES DIVERSAS
1263,4.02.03.11.0005,40203110005,MATERIAIS PARA MANUTENÇÕES DIVERSAS
1263,4.02.01.02.0026,40201020026,AQUISIÇÃO DE FERRAMENTAS DIVERSAS
1263,4.02.03.06.0118,40203060118,OBRA NA GARAGEM DO BLOCO 10
1263,4.02.03.12.0010,40203120010,REFORMA DA AREA DE LAZER
1263,4.01.02.02.0169,40102020169,REFORMA DA AREA DE LAZER
1263,4.01.02.02.0025,40102020025,REPARO NA PRUMADA HIDRAULICA
1443,4.02.03.06.0054,40203060054,REFORMA DA FIAÇÃO ELÉTRICA DOS PORTÕES DE VEÍCULOS
1443,4.02.03.06.0019,40203060019,REFORMA DA GARAGEM - MATERIAIS
1443,4.01.02.02.0036,40102020036,MATERIAIS MANUTENÇÕES DIVERSAS
1443,4.02.03.11.0005,40203110005,MATERIAIS PARA MANUTENÇÕES DIVERSAS
1443,4.01.02.02.0010,40102020010,MATERIAIS ELÉTRICOS/LÂMPADAS
1443,4.02.03.06.0094,40203060094,REPAROS NA CAIXA DE ESGOTO
1443,4.02.03.06.0125,40203060125,REFORMA DO BANHEIRO E SALA DA ADMINISTRAÇÃO
1443,4.02.03.06.0083,40203060083,REPARO DO TELHADO DA AREA COMUM
1482,4.02.01.02.0020,40201020020,AQUISIÇÃO DE PURIFICADOR DE ÁGUA
3505,4.01.02.02.0014,40102020014,DEDETIZAÇÃO E DESRATIZAÇÃO DA ÁREA COMUM
1668,4.02.03.06.0051,40203060051,HONORÁRIO ENGENHARIA
1668,4.02.03.06.0068,40203060068,PROJETO ARQUITETONICO PARA REFORMA DA FACHADA
1485,4.02.03.06.0042,40203060042,INSTALAÇÃO DE PLACAS DE ENERGIA FOTOVOLTAICA - MATERIAIS
0680,4.02.03.07.0003,40203070003,FÉRIAS
0680,4.01.01.01.0001,40101010001,ORDENADOS E SALÁRIOS REF. EMPREGADOS
0680,4.02.03.07.0001,40203070001,13º SALÁRIOS
0680,4.01.01.01.0027,40101010027,CESTA DE NATAL PARA EMPREGADO(S)
0680,4.01.01.01.0016,40101010016,AUXILIO TRANSPORTE REF. EMPREGADOS
1257,4.01.02.02.0036,40102020036,MATERIAIS MANUTENÇÕES DIVERSAS
0884,4.01.02.02.0004,40102020004,MATERIAIS DE LIMPEZA E HIGIENE
1854,4.01.02.02.0036,40102020036,MATERIAIS MANUTENÇÕES DIVERSAS
1854,4.02.03.06.0075,40203060075,REFORMA DA FACHADA DO CONDOMÍNIO - MATERIAIS
1854,4.02.03.06.0076,40203060076,REFORMA DA FACHADA DO CONDOMÍNIO - OUTROS
0877,4.01.02.02.0106,40102020106,MANUTENÇÃO DE CALHAS E RUFOS
0877,4.02.03.01.0001,40203010001,AQUISIÇÃO DE UTENSILIOS PARA O SALÃO DE FESTAS
0877,4.02.03.01.0068,40203010068,MANUTENÇÕES DIVERSAS NO SALÃO DE FESTAS
0877,4.01.02.02.0026,40102020026,MANUTENÇÃO DA PISCINA
0877,4.01.02.02.0007,40102020007,MANUTENÇÃO JARDIM
0877,4.01.02.02.0036,40102020036,MATERIAIS MANUTENÇÕES DIVERSAS
1373,4.01.02.02.0115,40102020115,MATERIAIS PARA MANUTENÇÃO DA PINTURA DA AREA COMUM
1373,4.01.02.02.0149,40102020149,MATERIAIS PARA PINTURAS DIVERSAS NA AREA COMUM
1884,4.02.03.01.0051,40203010051,AQUISIÇÃO DE BANCO PARA SALÃO DE FESTAS
2085,4.02.01.02.0033,40201020033,AQUISIÇÃO DE MICRO-ONDAS PARA COZINHA GUARITA
2085,4.01.02.02.0004,40102020004,MATERIAIS DE LIMPEZA E HIGIENE
1311,4.01.02.02.0130,40102020130,MANUTENÇÃO DA BOMBA DO POÇO ARTESIANO
1311,4.01.02.02.0011,40102020011,MATERIAIS HIDRÁULICOS
1311,4.01.02.02.0010,40102020010,MATERIAIS ELÉTRICOS/LÂMPADAS
1311,4.02.03.06.0019,40203060019,REFORMA DA GARAGEM - MATERIAIS
1311,4.02.03.06.0075,40203060075,REFORMA DA FACHADA DO CONDOMÍNIO - MATERIAIS
0783,4.01.01.01.0021,40101010021,EQUIPAMENTOS DE PROTEÇÃO INDIVIDUAL
0783,4.02.03.01.0032,40203010032,MATERIAIS PARA MANUTENÇÕES DIVERSAS
0783,4.01.02.02.0011,40102020011,MATERIAIS HIDRÁULICOS
0783,4.02.03.06.0007,40203060007,REPARO DA PRUMADA HIDRÁULICA
0783,4.01.02.02.0170,40102020170,REPAROS EM MUROS DA AREA COMUM
0783,4.02.03.06.0122,40203060122,REPAROS NOS MUROS DA AREA COMUM
0783,4.02.03.06.0008,40203060008,REFORMA DA AREA DA PISCINA E SALÃO DE FESTAS
2423,4.02.03.07.0001,40203070001,13º SALÁRIOS
2423,4.01.01.01.0027,40101010027,CESTA DE NATAL PARA EMPREGADO(S)
2423,4.01.01.01.0001,40101010001,ORDENADOS E SALÁRIOS REF. EMPREGADOS
2097,4.02.03.06.0075,40203060075,REFORMA DA FACHADA DO CONDOMÍNIO - MATERIAIS
3012,4.01.02.02.0164,40102020164,MANUTENÇÃO DO SISTEMA DE PONTO ELETRÔNICO DA GUARITA
0865,4.01.02.02.0051,40102020051,SUBSTITUIÇÃO DA TAMPA CAIXA PASSAGEM FIAÇÃO TELEFONE
0865,4.02.03.06.0008,40203060008,REFORMA DA AREA DA PISCINA E SALÃO DE FESTAS
0865,4.01.02.02.0010,40102020010,MATERIAIS ELÉTRICOS/LÂMPADAS
0838,4.02.03.05.0004,40203050004,REPAROS NA BOMBA DA CAIXA DÁGUA
0838,4.02.03.05.0003,40203050003,REPAROS DA CENTRAL DE INTERFONES
0838,4.01.02.02.0010,40102020010,MATERIAIS ELÉTRICOS/LÂMPADAS
0838,4.02.03.06.0075,40203060075,REFORMA DA FACHADA DO CONDOMÍNIO - MATERIAIS
1454,4.01.02.02.0010,40102020010,MATERIAIS ELÉTRICOS/LÂMPADAS
1454,4.02.03.06.0020,40203060020,REFORMA DA CALÇADA - MATERIAIS
2136,4.02.03.06.0075,40203060075,REFORMA DA FACHADA DO CONDOMÍNIO - MATERIAIS
0040,4.01.02.02.0010,40102020010,MATERIAIS ELÉTRICOS/LÂMPADAS
0040,4.01.02.02.0084,40102020084,MANUTENÇÃO DA BOIA/BOMBA DA CAIXA DE ÁGUA
0040,4.02.03.06.0045,40203060045,REPAROS/REFORMA DO PORTÃO DE VEÍCULOS
1980,4.02.01.02.0039,40201020039,AQUISIÇÃO DE ESCADA
1980,4.01.02.02.0010,40102020010,MATERIAIS ELÉTRICOS/LÂMPADAS
1980,4.02.03.01.0062,40203010062,AQUISIÇÃO DE ESCADA
1980,4.02.03.01.0032,40203010032,MATERIAIS PARA MANUTENÇÕES DIVERSAS
1980,4.01.02.02.0036,40102020036,MATERIAIS MANUTENÇÕES DIVERSAS
0841,4.01.04.01.0001,40104010001,VISTORIA E MANUTENÇÃO DOS ELEVADORES
0841,4.01.02.02.0002,40102020002,SUBSTITUIÇÃO DE PEÇAS DO(S) ELEVADOR(S)
1185,4.01.04.01.0001,40104010001,VISTORIA E MANUTENÇÃO DOS ELEVADORES
0817,4.01.04.01.0001,40104010001,VISTORIA E MANUTENÇÃO DOS ELEVADORES
0817,4.01.02.02.0002,40102020002,SUBSTITUIÇÃO DE PEÇAS DO(S) ELEVADOR(S)
1374,4.02.03.01.0035,40203010035,MATERIAIS HIDRAULICOS
2905,4.01.01.01.0001,40101010001,ORDENADOS E SALÁRIOS REF. EMPREGADOS
2905,4.02.03.07.0003,40203070003,FÉRIAS
2905,4.02.03.07.0001,40203070001,13º SALÁRIOS
2905,4.01.01.01.0027,40101010027,CESTA DE NATAL PARA EMPREGADO(S)
2905,4.02.03.09.0003,40203090003,FÉRIAS
2905,4.02.03.09.0001,40203090001,13º SALÁRIOS
1807,4.02.03.06.0063,40203060063,CORREÇÃO DE INFILTRAÇÃO NAS PAREDES EXTERNAS
1807,4.01.02.02.0008,40102020008,MANUTENÇÃO ELÉTRICA
1807,4.02.03.08.0019,40203080019,VALORES PAGOS A SEREM DEVOLVIDOS
1420,4.02.03.06.0037,40203060037,REFORMA DA SAUNA - MÃO DE OBRA
1153,4.01.02.01.0008,40102010008,CORREIOS E MALOTES
1153,4.02.03.08.0003,40203080003,DESPESAS COM ENVIO DE BOLETOS
1153,4.02.03.01.0042,40203010042,NOTIFICAÇÃO EXTRAJUDICIAL
1117,4.01.02.01.0008,40102010008,CORREIOS E MALOTES
1115,4.01.04.01.0016,40104010016,TESTE DE ESTANQUEIDADE ANUAL NA PRUMADA DO GÁS E VISTORIA ANUAL DO PARA-RAIOS
1115,4.01.01.02.0008,40101020008,LAUDOS REFERENTES VISTORIA CORPO DE BOMBEIROS
1115,4.02.03.10.0011,40203100011,LAUDOS TECNICOS
1115,4.02.03.06.0111,40203060111,LAUDO PERICIAL PÓS ENTREGA DE EMPREENDIMENTO
1798,4.01.02.02.0138,40102020138,REPAROS E MELHORIAS DO BICICLETÁRIO
2129,4.01.02.02.0025,40102020025,REPARO NA PRUMADA HIDRAULICA
1508,4.01.02.02.0122,40102020122,LIMPEZA ANUAL DA FOSSA
3466,4.02.03.06.0132,40203060132,REFORMA DA CAIXA DE AGUA E IMPERMEABILIZAÇÕES DA CASA DE MÁQUINAS E CAIXA DE GÁS
0824,4.01.04.01.0004,40104010004,TRATAMENTO E LIMPEZA DA PISCINA
0824,4.01.02.02.0039,40102020039,MATERIAIS PARA MANUTENÇÃO DA PISCINA
0824,4.01.02.02.0026,40102020026,MANUTENÇÃO DA PISCINA
2440,4.02.03.06.0074,40203060074,REFORMA DA FACHADA DO CONDOMÍNIO - MÃO DE OBRA
1256,4.02.03.06.0013,40203060013,MANUTENÇÃO DAS PORTAS E JANELAS DO SALÃO DE FESTAS E BRINQUEDOTECA
1256,4.01.02.02.0005,40102020005,MANUTENÇÃO EM PORTAS
1315,4.01.01.01.0001,40101010001,ORDENADOS E SALÁRIOS REF. EMPREGADOS
1315,4.02.03.09.0011,40203090011,GRATIFICAÇÃO DE FIM DE ANO PARA EMPREGADOS
1315,4.02.03.09.0001,40203090001,13º SALÁRIOS
1315,4.02.03.09.0003,40203090003,FÉRIAS
1315,4.02.01.02.0018,40201020018,GRATIFICAÇÃO DE FIM DE ANO PARA COLABORADORES/LIXEIROS
2406,4.02.01.02.0043,40201020043,AQUISIÇÃO DE ITENS DE SEGURANÇA PARA PONTO DE LAVAGEM
1186,4.02.01.02.0007,40201020007,AQUISIÇÃO DE PLACAS OU ADESIVOS DE SINALIZAÇÃO/INFORMATIVAS
1186,4.02.01.02.0045,40201020045,AQUISIÇÃO DE EXTINTOR(ES) DE INCÊNDIO
0779,4.01.02.02.0018,40102020018,MANUTENÇÃO EXTINTORES E MANGUEIRAS DE INCÊNDIO
0779,4.01.02.02.0032,40102020032,MANUTENÇÃO DAS MANGUEIRAS DE INCÊNDIO
0779,4.01.02.02.0031,40102020031,MANUTENÇÃO/RECARGA DOS EXTINTORES DE INCÊNDIO
0779,4.02.03.11.0022,40203110022,MANUTENÇÃO DOS EXTINTORES DE INCÊNDIO
2451,4.01.02.03.0004,40102030004,HONORÁRIOS DE SÍNDICO
0262,4.01.02.03.0004,40102030004,HONORÁRIOS DE SÍNDICO
0114,4.01.02.03.0004,40102030004,HONORÁRIOS DE SÍNDICO
0114,4.01.01.01.0023,40101010023,SUBSTITUIÇÃO DE EMPREGADOS EM FÉRIAS
0114,4.02.03.09.0005,40203090005,SUBSTITUIÇÕES DE EMPREGADOS EM FÉRIAS
0482,4.01.02.03.0004,40102030004,HONORÁRIOS DE SÍNDICO
2514,4.02.03.06.0074,40203060074,REFORMA DA FACHADA DO CONDOMÍNIO - MÃO DE OBRA
2912,4.02.03.06.0112,40203060112,AQUISIÇÃO DE UTENSILIOS PARA A CHURRASQUEIRA
2912,4.01.02.02.0011,40102020011,MATERIAIS HIDRÁULICOS
2015,4.01.02.03.0006,40102030006,HONORÁRIOS DE VICE-SÍNDICO(A)
2015,4.01.01.01.0027,40101010027,CESTA DE NATAL PARA EMPREGADO(S)
3237,4.01.02.02.0171,40102020171,MANUTENÇÃO DO ASFALTO DA GARAGEM
3033,4.01.02.02.0007,40102020007,MANUTENÇÃO JARDIM
0666,4.02.03.09.0004,40203090004,ENCARGOS SOBRE PAGAMENTO DE FÉRIAS
0666,4.01.01.01.0001,40101010001,ORDENADOS E SALÁRIOS REF. EMPREGADOS
0666,4.02.03.09.0003,40203090003,FÉRIAS
0666,4.02.03.09.0001,40203090001,13º SALÁRIOS
0145,4.01.02.03.0004,40102030004,HONORÁRIOS DE SÍNDICO
0145,4.01.01.01.0021,40101010021,EQUIPAMENTOS DE PROTEÇÃO INDIVIDUAL
0145,4.01.02.02.0010,40102020010,MATERIAIS ELÉTRICOS/LÂMPADAS
1756,4.01.01.03.0001,40101030001,SERVIÇO DE LIMPEZA - MENSAL
1756,4.01.01.03.0004,40101030004,SERVIÇO DE ZELADORIA - MENSAL
1756,4.01.01.01.0026,40101010026,SUBSTITUIÇÃO DE EMPREGADOS DEVIDO LICENÇA MÉDICA
1756,4.01.01.01.0023,40101010023,SUBSTITUIÇÃO DE EMPREGADOS EM FÉRIAS
1756,4.02.03.09.0005,40203090005,SUBSTITUIÇÕES DE EMPREGADOS EM FÉRIAS
3513,4.01.02.02.0035,40102020035,MATERIAIS PARA MANUTENÇÃO DO JARDIM
2952,4.01.02.02.0001,40102020001,MANUTENÇÃO DA MAQUINA APARADORA DE GRAMA
1314,4.01.02.02.0092,40102020092,MANUTENÇÃO DA ILUMINAÇÃO DO CONDOMÍNIO
1314,4.01.02.02.0078,40102020078,MANUTENÇÃO DO PORTÃO DE VEÍCULOS
1314,4.01.02.02.0067,40102020067,MANUTENÇÃO DA CENTRAL DE INTERFONES
1314,4.02.03.08.0001,40203080001,AQUISIÇÃO DE TAGS E CONTROLES PARA REPASSE
1314,4.02.03.06.0022,40203060022,ATUALIZAÇÃO DO SISTEMA DE SEGURANÇA
1314,4.01.02.02.0057,40102020057,MANUTENÇÃO DO PORTÃO SOCIAL
1314,4.02.03.06.0045,40203060045,REPAROS/REFORMA DO PORTÃO DE VEÍCULOS
1314,4.02.01.02.0050,40201020050,AQUISIÇÃO DE CONTROLE PORTÃO/TAG PARA USO DO CONDOMINIO
1314,4.01.02.02.0010,40102020010,MATERIAIS ELÉTRICOS/LÂMPADAS
1314,4.01.02.02.0008,40102020008,MANUTENÇÃO ELÉTRICA
1314,4.02.03.08.0012,40203080012,REPARO DO PORTÃO DE VEÍCULOS
2887,4.01.01.01.0001,40101010001,ORDENADOS E SALÁRIOS REF. EMPREGADOS
2887,4.02.03.07.0001,40203070001,13º SALÁRIOS
2887,4.02.03.07.0003,40203070003,FÉRIAS
2887,4.01.01.01.0002,40101010002,FÉRIAS
0683,4.01.01.01.0001,40101010001,ORDENADOS E SALÁRIOS REF. EMPREGADOS
0683,4.01.01.01.0023,40101010023,SUBSTITUIÇÃO DE EMPREGADOS EM FÉRIAS
0683,4.02.03.09.0001,40203090001,13º SALÁRIOS
0683,4.02.03.09.0005,40203090005,SUBSTITUIÇÕES DE EMPREGADOS EM FÉRIAS
0683,4.02.03.09.0003,40203090003,FÉRIAS
0683,4.02.03.09.0007,40203090007,RESCISÃO DE CONTRATO DE TRABALHO
0675,4.02.03.07.0001,40203070001,13º SALÁRIOS
0675,4.01.01.01.0001,40101010001,ORDENADOS E SALÁRIOS REF. EMPREGADOS
0675,4.01.01.01.0002,40101010002,FÉRIAS
0675,4.02.03.07.0003,40203070003,FÉRIAS
0675,4.01.04.01.0020,40104010020,SERVIÇO DE PORTARIA
0675,4.01.01.01.0015,40101010015,AUXILIO ALIMENTAÇÃO REF. EMPREGADOS
0675,4.01.01.01.0016,40101010016,AUXILIO TRANSPORTE REF. EMPREGADOS
0675,4.02.03.07.0001,40203070001,13º SALÁRIOS
0675,4.02.03.07.0003,40203070003,FÉRIAS
1479,4.02.03.01.0041,40203010041,AQUISIÇÃO DE CERVEJEIRA PARA O SALÃO DE FESTAS
3222,4.02.03.06.0120,40203060120,REFORMA DO MURO DA ÁREA DE LAZER
1659,4.02.03.06.0028,40203060028,CUSTAS AÇÃO JUDICIAL
1659,4.02.03.08.0004,40203080004,CUSTAS DE COBRANÇA JUDICIAL
1659,4.02.01.02.0046,40201020046,CUSTAS JUDICIAIS
1120,4.02.01.02.0004,40201020004,TAXA DE CERTIFICAÇÃO DO CORPO DE BOMBEIROS
1120,4.01.01.02.0010,40101020010,TAXA PARA CERTIFICAÇÃO DO CORPO DE BOMBEIROS
1120,4.02.03.10.0010,40203100010,TAXA DE VISTORIA/CERTIFICAÇÃO DO CORPO DE BOMBEIROS
1120,4.02.03.11.0019,40203110019,TAXA PARA CERTIFICAÇÃO DO CORPO DE BOMBEIROS
0787,4.01.02.02.0036,40102020036,MATERIAIS MANUTENÇÕES DIVERSAS
0787,4.01.02.02.0050,40102020050,MANUTENÇÕES NAS CALÇADAS INTERNAS
0787,4.02.03.06.0005,40203060005,PINTURA DAS ÁREAS COMUNS
0787,4.01.02.02.0011,40102020011,MATERIAIS HIDRÁULICOS
0787,4.01.02.02.0035,40102020035,MATERIAIS PARA MANUTENÇÃO DO JARDIM
0787,4.02.03.06.0026,40203060026,REFORMA DO DECK DA PISCINA - MATERIAL
0787,4.02.03.06.0025,40203060025,REFORMA DA SAUNA - MATERIAIS
0787,4.02.03.01.0034,40203010034,INSTALAÇÃO DE ESTRUTURA ELÉTRICA PARA AR CONDICIONADO DO SALÃO DE FESTAS
0787,4.01.02.02.0001,40102020001,MANUTENÇÃO DA MAQUINA APARADORA DE GRAMA
0787,4.01.02.02.0004,40102020004,MATERIAIS DE LIMPEZA E HIGIENE
0787,4.01.01.01.0021,40101010021,EQUIPAMENTOS DE PROTEÇÃO INDIVIDUAL
2057,4.02.03.01.0044,40203010044,AQUISIÇÃO DE MOVEIS PARA O SALÃO DE FESTAS
1859,4.02.03.08.0019,40203080019,VALORES PAGOS A SEREM DEVOLVIDOS
1859,4.01.02.01.0016,40102010016,CERTIFICADO DIGITAL
2011,4.01.02.02.0118,40102020118,SUBSTITUIÇÃO DE MEDIDORES/REGULADORES DE GÁS
1328,4.02.03.06.0021,40203060021,TESTE DE ESTANQUEIDADE DO SISTEMA DE GÁS
1328,4.01.02.02.0027,40102020027,TESTE DE ESTANQUEIDADE PRUMADA DE GÁS
1328,4.01.02.02.0023,40102020023,MANUTENÇÃO DA CENTRAL DE GÁS
0821,4.01.02.02.0004,40102020004,MATERIAIS DE LIMPEZA E HIGIENE
2221,4.01.02.02.0076,40102020076,MANUTENÇÃO DO CERCADO DE VIDRO DA PISCINA
0134,4.01.02.03.0006,40102030006,HONORÁRIOS DE VICE-SÍNDICO(A)
1721,4.01.02.02.0080,40102020080,MANUTENÇÃO SISTEMA DE CÂMERAS DE SEGURANÇA (DESUSO)
1721,4.01.02.02.0017,40102020017,MANUTENÇÃO DO SISTEMA DE SEGURANÇA
1414,4.01.02.02.0011,40102020011,MATERIAIS HIDRÁULICOS
1414,4.01.02.02.0052,40102020052,INSETICIDA
1414,4.01.01.01.0021,40101010021,EQUIPAMENTOS DE PROTEÇÃO INDIVIDUAL
1414,4.01.02.02.0035,40102020035,MATERIAIS PARA MANUTENÇÃO DO JARDIM
2220,4.01.02.02.0035,40102020035,MATERIAIS PARA MANUTENÇÃO DO JARDIM
2220,4.01.02.02.0036,40102020036,MATERIAIS MANUTENÇÕES DIVERSAS
1145,4.02.01.02.0073,40201020073,AQUISIÇÃO DE ELETRODOMÉSTICOS
2410,4.02.03.01.0044,40203010044,AQUISIÇÃO DE MOVEIS PARA O SALÃO DE FESTAS
0874,4.02.03.06.0049,40203060049,INSTALAÇÃO DE FORRO EM GESSO NA GARAGEM
0874,4.01.02.02.0009,40102020009,MANUTENÇÃO HIDRÁULICA
0874,4.01.02.02.0045,40102020045,MANUTENÇÃO DA CAIXA DAGUA CISTERNA
0874,4.01.02.02.0066,40102020066,MANUTENÇÃO DA CAIXA DÁGUA ELEVADA
0874,4.01.02.02.0084,40102020084,MANUTENÇÃO DA BOIA/BOMBA DA CAIXA DE ÁGUA
0874,4.02.03.08.0008,40203080008,REPARO HIDRAULICO EM UNIDADE AUTÔNOMA
0874,4.02.03.06.0122,40203060122,REPAROS NOS MUROS DA AREA COMUM
0874,4.01.02.03.0002,40102030002,HONORÁRIOS DE ASSESSORIA CONTÁBIL
0874,4.01.02.01.0014,40102010014,APLICATIVO CONVIVER
0874,4.02.03.07.0009,40203070009,HONORÁRIOS DE ASSESSORIA CONTÁBIL DE ENCERRAMENTO DE EXERCÍCIO
0874,4.01.02.03.0007,40102030007,HONORÁRIOS DE ASSESSORIA CONTÁBIL DE ENCERRAMENTO DE EXERCÍCIO
0874,4.02.03.09.0012,40203090012,HONORÁRIOS DE ASSESSORIA CONTÁBIL DE ENCERRAMENTO DE EXERCÍCIO
0874,4.01.01.01.0003,40101010003,13º SALÁRIO
0874,4.01.03.01.0016,40103010016,PAGAMENTO EMPRESTIMO REF. DEPOSITO INICIAL PARA ABERTURA DE CONTA
0874,4.01.02.02.0064,40102020064,NOTIFICAÇÃO EXTRAJUDICIAL
2012,4.02.01.02.0064,40201020064,LAUDOS TECNICOS DIVERSOS
2012,4.02.03.06.0128,40203060128,REFORMA DA ECLUSA DO PORTÃO DE PEDESTRE
0304,4.01.02.03.0004,40102030004,HONORÁRIOS DE SÍNDICO
3111,4.02.01.02.0058,40201020058,LAUDOS PERICIAIS DOS ELEVADORES
2106,4.02.03.06.0078,40203060078,ORÇAMENTO PARA REFORMAS NO CONDOMÍNIO
0799,4.02.03.01.0001,40203010001,AQUISIÇÃO DE UTENSILIOS PARA O SALÃO DE FESTAS
0799,4.02.03.01.0066,40203010066,AQUISIÇÃO PANO DE COPA PARA SALÃO FESTA
1192,4.01.02.02.0166,40102020166,MANUTENÇÃO MOTOR JACUZZI
1192,4.01.02.02.0065,40102020065,MANUTENÇÃO DO MOTOR/FILTRO DA PISCINA
1192,4.01.02.02.0075,40102020075,MANUTENÇÃO DO MOTOR DA PISCINA COBERTA
1244,4.01.02.02.0010,40102020010,MATERIAIS ELÉTRICOS/LÂMPADAS
3053,4.02.01.02.0040,40201020040,AQUISIÇÃO E INSTALAÇÃO DE TELA DE SOMBRA PARA QUADRA DE ESPORTES
0788,4.01.02.01.0015,40102010015,SEGURO PREDIAL E DE VIDA DOS EMPREGADOS
0788,4.01.01.01.0013,40101010013,SEGURO DE VIDA REF. EMPREGADOS
0788,4.01.02.01.0012,40102010012,SEGURO DO CONDOMÍNIO
1408,4.01.02.02.0008,40102020008,MANUTENÇÃO ELÉTRICA
1408,4.02.03.08.0011,40203080011,INSTALAÇÃO DE FOTOCELULA NO PORTÃO DE VEÍCULOS
1408,4.02.03.08.0012,40203080012,REPARO DO PORTÃO DE VEÍCULOS
1408,4.01.02.02.0080,40102020080,MANUTENÇÃO SISTEMA DE CÂMERAS DE SEGURANÇA (DESUSO)
1408,4.02.03.06.0076,40203060076,REFORMA DA FACHADA DO CONDOMÍNIO - OUTROS
1408,4.01.02.02.0049,40102020049,MANUTENÇÃO DA CERCA ELÉTRICA/CONCERTINA
1408,4.02.03.08.0035,40203080035,AQUISIÇÃO DE TAG E INTERFONE PARA REPASSE
1408,4.02.03.08.0001,40203080001,AQUISIÇÃO DE TAGS E CONTROLES PARA REPASSE
1408,4.01.02.02.0017,40102020017,MANUTENÇÃO DO SISTEMA DE SEGURANÇA
2994,4.02.03.01.0039,40203010039,MANUTENÇÃO DO FILTRO DE ÁGUA DO SALÃO DE FESTAS
0888,4.01.02.02.0056,40102020056,MANUTENÇÃO DA BOMBA DO CHUVEIRO DA SAUNA
0888,4.01.02.02.0066,40102020066,MANUTENÇÃO DA CAIXA DÁGUA ELEVADA
0888,4.01.02.02.0057,40102020057,MANUTENÇÃO DO PORTÃO SOCIAL
0888,4.02.03.06.0019,40203060019,REFORMA DA GARAGEM - MATERIAIS
0888,4.02.03.07.0008,40203070008,REFORMA DA SAUNA - MATERIAIS
0888,4.01.02.02.0011,40102020011,MATERIAIS HIDRÁULICOS
0888,4.01.01.01.0021,40101010021,EQUIPAMENTOS DE PROTEÇÃO INDIVIDUAL
0888,4.02.03.01.0035,40203010035,MATERIAIS HIDRAULICOS
0888,4.01.02.02.0025,40102020025,REPARO NA PRUMADA HIDRAULICA
0888,4.02.03.06.0007,40203060007,REPARO DA PRUMADA HIDRÁULICA
0888,4.02.03.05.0004,40203050004,REPAROS NA BOMBA DA CAIXA DÁGUA
0888,4.02.03.01.0032,40203010032,MATERIAIS PARA MANUTENÇÕES DIVERSAS
0888,4.01.02.02.0127,40102020127,MANUTENÇÃO DA SAUNA
0888,4.01.02.02.0084,40102020084,MANUTENÇÃO DA BOIA/BOMBA DA CAIXA DE ÁGUA
2079,4.02.03.06.0011,40203060011,REPAROS NO POÇO ARTESIANO
1865,4.02.03.06.0020,40203060020,REFORMA DA CALÇADA - MATERIAIS
2170,4.02.01.02.0034,40201020034,AQUISIÇÃO DE PULVERIZADOR DE VENENO
3198,4.01.02.02.0004,40102020004,MATERIAIS DE LIMPEZA E HIGIENE
2190,4.01.02.02.0078,40102020078,MANUTENÇÃO DO PORTÃO DE VEÍCULOS
3157,4.02.01.02.0060,40201020060,AQUISIÇÃO DE EQUIPAMENTOS PARA QUADRA DE ESPORTES
3157,4.02.03.06.0116,40203060116,REFORMA DA QUADRA DE ESPORTES - OUTROS
0202,4.02.02.03.0001,40202030001,HONORÁRIOS CONTÁBEIS - AREA DE LAZER
1468,4.01.02.02.0036,40102020036,MATERIAIS MANUTENÇÕES DIVERSAS
1468,4.02.03.06.0020,40203060020,REFORMA DA CALÇADA - MATERIAIS
1468,4.02.03.06.0110,40203060110,TROCA DO PISO DO PÁTIO E INSTALAÇÃO CAIXAS DE PASSAGEM TELEFONIA
2051,4.02.03.01.0055,40203010055,BALCÃO DE MARMORE PARA CHURRASQUEIRA DE APOIO
2051,4.02.03.06.0075,40203060075,REFORMA DA FACHADA DO CONDOMÍNIO - MATERIAIS
2018,4.01.01.01.0001,40101010001,ORDENADOS E SALÁRIOS REF. EMPREGADOS
2018,4.01.01.01.0017,40101010017,AUXILIO COMBUSTÍVEL REF. EMPREGADOS
2018,4.02.03.07.0001,40203070001,13º SALÁRIOS
2018,4.02.03.07.0003,40203070003,FÉRIAS
0826,4.02.03.08.0001,40203080001,AQUISIÇÃO DE TAGS E CONTROLES PARA REPASSE
0826,4.01.02.02.0080,40102020080,MANUTENÇÃO SISTEMA DE CÂMERAS DE SEGURANÇA (DESUSO)
0826,4.01.02.02.0008,40102020008,MANUTENÇÃO ELÉTRICA
0826,4.02.01.02.0030,40201020030,INSTALAÇÃO DE LEITOR DE BIOMETRIA FACIAL
3323,4.01.02.02.0036,40102020036,MATERIAIS MANUTENÇÕES DIVERSAS
2023,4.01.01.03.0002,40101030002,SERVIÇO DE PORTARIA PRESENCIAL - MENSAL
1877,4.01.02.02.0132,40102020132,SUBSTITUIÇÃO DO MOTOR DO PORTÃO DE VEÍCULOS
1877,4.01.02.02.0010,40102020010,MATERIAIS ELÉTRICOS/LÂMPADAS
1877,4.01.02.02.0078,40102020078,MANUTENÇÃO DO PORTÃO DE VEÍCULOS
2360,4.02.01.02.0041,40201020041,AQUISIÇÃO DE DECIBELIMETRO DIGITAL
0832,4.01.04.01.0008,40104010008,MONITORAMENTO DO ALARME
0832,4.01.04.01.0002,40104010002,MANUTENÇÃO DOS PORTÕES E ALARME
1446,4.01.01.03.0001,40101030001,SERVIÇO DE LIMPEZA - MENSAL
1446,4.01.02.02.0012,40102020012,SERVIÇOS DE PORTARIA
1446,4.01.01.01.0023,40101010023,SUBSTITUIÇÃO DE EMPREGADOS EM FÉRIAS
1446,4.02.03.09.0005,40203090005,SUBSTITUIÇÕES DE EMPREGADOS EM FÉRIAS
1446,4.01.01.01.0026,40101010026,SUBSTITUIÇÃO DE EMPREGADOS DEVIDO LICENÇA MÉDICA
0763,4.01.02.02.0004,40102020004,MATERIAIS DE LIMPEZA E HIGIENE
0763,4.01.02.02.0035,40102020035,MATERIAIS PARA MANUTENÇÃO DO JARDIM
0763,4.01.01.01.0022,40101010022,LEMBRANÇA DE PÁSCOA PARA EMPREGADO (S)
0763,4.01.02.02.0040,40102020040,GÁS PARA O SALÃO DE FESTAS
0763,4.02.03.01.0005,40203010005,AQUISIÇÃO DE GÁS PARA O SALÃO DE FESTAS
0763,4.02.01.02.0017,40201020017,LEMBRANÇA DE NATAL PARA COLABORADORES
0763,4.01.02.02.0046,40102020046,MATERIAIS ALIMENTÍCIOS PARA EMPREGADOS
0763,4.02.01.02.0063,40201020063,LEMBRANÇA DE PÁSCOA AOS MORADORES
1266,4.01.01.01.0027,40101010027,CESTA DE NATAL PARA EMPREGADO(S)
1266,4.01.02.02.0004,40102020004,MATERIAIS DE LIMPEZA E HIGIENE
2161,4.02.01.03.0005,40201030005,REFORMA DA ALVENARIA E PINTURA DO CONDOMÍNIO - OUTROS
1167,4.01.02.01.0002,40102010002,ÁGUA E ESGOTO
1167,4.01.02.01.0011,40102010011,ÁGUA
1215,4.01.04.01.0017,40104010017,INTERNET
1404,4.01.02.02.0106,40102020106,MANUTENÇÃO DE CALHAS E RUFOS
2492,4.02.03.06.0095,40203060095,SERVIÇO DE SERRALHERIA REF. PINTURA DO PRÉDIO
1820,4.02.03.06.0042,40203060042,INSTALAÇÃO DE PLACAS DE ENERGIA FOTOVOLTAICA - MATERIAIS
1820,4.02.03.06.0065,40203060065,INSTALAÇÃO DE PLACAS DE ENERGIA FOTOVOLTAICA - OUTROS
3229,4.02.03.06.0008,40203060008,REFORMA DA AREA DA PISCINA E SALÃO DE FESTAS
0825,4.01.02.02.0014,40102020014,DEDETIZAÇÃO E DESRATIZAÇÃO DA ÁREA COMUM
0825,4.01.02.02.0015,40102020015,LIMPEZA DE CAIXA D ÁGUA
0825,4.01.02.02.0069,40102020069,DEDETIZAÇÃO DA AREA COMUM E LIMPEZA DA CAIXA DÁGUA
0825,4.02.03.11.0018,40203110018,DEDETIZAÇÃO E DESRATIZAÇÃO EXTRA DA ÁREA COMUM
0825,4.02.03.11.0027,40203110027,DEDETIZAÇÃO E DESRATIZAÇÃO DA ÁREA COMUM
0825,4.01.02.02.0124,40102020124,DESENTUPIMENTO DA PRUMADA HIDRAULICA/REDE ESGOTO
0825,4.02.03.01.0060,40203010060,LIMPEZA DE TUBULAÇÕES HIDRÁULICAS E OUTROS
0825,4.01.02.02.0062,40102020062,LIMPEZA DE CALHAS E RUFOS
0825,4.02.03.01.0071,40203010071,LIMPEZA DE CALHAS E RUFOS
1302,4.02.03.01.0029,40203010029,TAPETE PARA AREA COMUM
1302,4.02.01.02.0022,40201020022,AQUISIÇÃO DE TAPETES PARA ÁREA COMUM
1302,4.02.03.08.0019,40203080019,VALORES PAGOS A SEREM DEVOLVIDOS
1302,4.01.02.02.0036,40102020036,MATERIAIS MANUTENÇÕES DIVERSAS
2378,4.01.02.02.0026,40102020026,MANUTENÇÃO DA PISCINA
2378,4.01.02.02.0155,40102020155,MANUTENÇÃO DO TROCADOR DE CALOR DA PISCINA
1162,4.01.04.01.0014,40104010014,DEDETIZAÇÃO E DESRATIZAÇÃO TRIMESTRAL
1162,4.02.03.11.0010,40203110010,TESTE DA QUALIDADE DA ÁGUA DO POÇO ARTESIANO
1162,4.01.02.02.0014,40102020014,DEDETIZAÇÃO E DESRATIZAÇÃO DA ÁREA COMUM
1162,4.02.03.11.0018,40203110018,DEDETIZAÇÃO E DESRATIZAÇÃO EXTRA DA ÁREA COMUM
1162,4.02.03.11.0030,40203110030,DEDETIZAÇÃO E DESRATIZAÇÃO TRIMESTRAL
0854,4.01.02.02.0050,40102020050,MANUTENÇÕES NAS CALÇADAS INTERNAS
0854,4.02.03.06.0005,40203060005,PINTURA DAS ÁREAS COMUNS
2063,4.02.03.06.0005,40203060005,PINTURA DAS ÁREAS COMUNS
2063,4.01.02.02.0036,40102020036,MATERIAIS MANUTENÇÕES DIVERSAS
2063,4.02.03.06.0120,40203060120,REFORMA DO MURO DA ÁREA DE LAZER
2063,4.02.03.06.0075,40203060075,REFORMA DA FACHADA DO CONDOMÍNIO - MATERIAIS
0793,4.01.02.02.0039,40102020039,MATERIAIS PARA MANUTENÇÃO DA PISCINA
0793,4.02.03.01.0027,40203010027,MANUTENÇÃO DO FILTRO DA PISCINA
0793,4.02.03.07.0008,40203070008,REFORMA DA SAUNA - MATERIAIS
0793,4.02.03.06.0037,40203060037,REFORMA DA SAUNA - MÃO DE OBRA
0793,4.01.02.02.0036,40102020036,MATERIAIS MANUTENÇÕES DIVERSAS
1237,4.01.02.02.0044,40102020044,CÓPIAS E IMPRESSÕES
2517,4.01.02.02.0120,40102020120,MANUTENÇÕES DIVERSAS
1887,4.02.03.09.0005,40203090005,SUBSTITUIÇÕES DE EMPREGADOS EM FÉRIAS
0867,4.01.02.02.0052,40102020052,INSETICIDA
1283,4.02.03.08.0001,40203080001,AQUISIÇÃO DE TAGS E CONTROLES PARA REPASSE
1283,4.01.02.02.0017,40102020017,MANUTENÇÃO DO SISTEMA DE SEGURANÇA
1283,4.02.03.01.0019,40203010019,MANUTENÇÃO DO PORTÃO DE VEÍCULOS
1283,4.01.02.02.0078,40102020078,MANUTENÇÃO DO PORTÃO DE VEÍCULOS
1283,4.02.01.02.0050,40201020050,AQUISIÇÃO DE CONTROLE PORTÃO/TAG PARA USO DO CONDOMINIO
1665,4.02.03.09.0001,40203090001,13º SALÁRIOS
1665,4.01.01.01.0001,40101010001,ORDENADOS E SALÁRIOS REF. EMPREGADOS
1665,4.02.03.09.0007,40203090007,RESCISÃO DE CONTRATO DE TRABALHO
0786,4.01.02.02.0035,40102020035,MATERIAIS PARA MANUTENÇÃO DO JARDIM
2093,4.02.03.06.0075,40203060075,REFORMA DA FACHADA DO CONDOMÍNIO - MATERIAIS
2237,4.01.02.02.0148,40102020148,REFORMA DO TOLDO DA ENTRADA DO PRÉDIO
2237,4.02.03.06.0131,40203060131,REFORMA DO TOLDO DA ENTRADA DO PRÉDIO
1463,4.01.01.01.0027,40101010027,CESTA DE NATAL PARA EMPREGADO(S)
1813,4.01.02.02.0078,40102020078,MANUTENÇÃO DO PORTÃO DE VEÍCULOS
1813,4.01.02.02.0057,40102020057,MANUTENÇÃO DO PORTÃO SOCIAL
0845,4.01.02.02.0036,40102020036,MATERIAIS MANUTENÇÕES DIVERSAS
0845,4.01.02.02.0088,40102020088,SUBSTITUIÇÃO DE FECHADURA DE PORTA
0845,4.01.02.02.0078,40102020078,MANUTENÇÃO DO PORTÃO DE VEÍCULOS
0688,4.01.01.01.0001,40101010001,ORDENADOS E SALÁRIOS REF. EMPREGADOS
0688,4.02.03.07.0001,40203070001,13º SALÁRIOS
0688,4.02.03.07.0003,40203070003,FÉRIAS
1586,4.01.02.02.0120,40102020120,MANUTENÇÕES DIVERSAS
1586,4.02.01.02.0005,40201020005,DECORAÇÃO NATALINA
1260,4.01.01.01.0023,40101010023,SUBSTITUIÇÃO DE EMPREGADOS EM FÉRIAS
2943,4.01.02.02.0120,40102020120,MANUTENÇÕES DIVERSAS
0503,4.01.02.03.0004,40102030004,HONORÁRIOS DE SÍNDICO
1776,4.01.02.02.0003,40102020003,SERVIÇOS DE LIMPEZA E CONSERVAÇÃO
1776,4.02.01.02.0018,40201020018,GRATIFICAÇÃO DE FIM DE ANO PARA COLABORADORES/LIXEIROS
1776,4.01.02.02.0004,40102020004,MATERIAIS DE LIMPEZA E HIGIENE
1776,4.02.01.02.0069,40201020069,AQUISIÇÃO CAIXA DÁGUA DE ÁGUA NOVA
0827,4.01.02.02.0003,40102020003,SERVIÇOS DE LIMPEZA E CONSERVAÇÃO
0818,4.02.03.06.0002,40203060002,REFORMA DO TELHADO DO CONDOMÍNIO - MÃO DE OBRA
0818,4.02.03.06.0079,40203060079,REFORMA DO TELHADO DO CONDOMÍNIO - MATERIAIS
0794,4.01.02.02.0040,40102020040,GÁS PARA O SALÃO DE FESTAS
0794,4.02.03.01.0005,40203010005,AQUISIÇÃO DE GÁS PARA O SALÃO DE FESTAS
0850,4.01.02.02.0025,40102020025,REPARO NA PRUMADA HIDRAULICA
2210,4.02.01.02.0028,40201020028,RESSARCIMENTO DE DANOS
2210,4.01.02.02.0092,40102020092,MANUTENÇÃO DA ILUMINAÇÃO DO CONDOMÍNIO
0681,4.01.01.01.0001,40101010001,ORDENADOS E SALÁRIOS REF. EMPREGADOS
0681,4.01.01.01.0016,40101010016,AUXILIO TRANSPORTE REF. EMPREGADOS
0681,4.01.01.01.0002,40101010002,FÉRIAS
0681,4.01.01.01.0003,40101010003,13º SALÁRIO
0681,4.02.03.07.0001,40203070001,13º SALÁRIOS
0681,4.02.03.07.0003,40203070003,FÉRIAS
3160,4.02.03.06.0122,40203060122,REPAROS NOS MUROS DA AREA COMUM
3160,4.02.03.08.0031,40203080031,REPAROS DE CALHA E RUFOS EM UNIDADE AUTONOMA
0079,4.01.02.03.0004,40102030004,HONORÁRIOS DE SÍNDICO
1407,4.02.03.08.0008,40203080008,REPARO HIDRAULICO EM UNIDADE AUTÔNOMA
1407,4.01.02.02.0014,40102020014,DEDETIZAÇÃO E DESRATIZAÇÃO DA ÁREA COMUM
1407,4.01.02.02.0119,40102020119,MANUTENÇÃO DA PRUMADA DE ESGOTO
1407,4.02.03.08.0018,40203080018,DEVOLUÇÃO DE VALORES DEPOSITADOS/RECEBIDOS A MAIOR
1407,4.01.02.02.0061,40102020061,VISTORIA HIDRÁULICA NAS UNIDADES
1407,4.02.03.06.0007,40203060007,REPARO DA PRUMADA HIDRÁULICA
1426,4.02.03.06.0023,40203060023,MATERIAIS PARA PINTURA EXTERNA DOS BLOCOS
3089,4.02.01.02.0057,40201020057,AQUISIÇÃO DE PULSEIRAS PARA VISITANTES DA PISCINA
1770,4.02.03.08.0001,40203080001,AQUISIÇÃO DE TAGS E CONTROLES PARA REPASSE
1770,4.02.03.05.0003,40203050003,REPAROS DA CENTRAL DE INTERFONES
1770,4.01.02.02.0017,40102020017,MANUTENÇÃO DO SISTEMA DE SEGURANÇA
2213,4.01.02.02.0145,40102020145,INSTALAÇÃO DE FITA ANTIDERRAPANTE NAS ESCADARIAS
3133,4.01.03.01.0017,40103010017,DESPESA NÃO IDENTIFICADA
3133,4.02.03.01.0070,40203010070,DESENTUPIMENTO HIDRÁULICO NOS ESPAÇOS
3403,4.02.01.02.0030,40201020030,INSTALAÇÃO DE LEITOR DE BIOMETRIA FACIAL
3403,4.02.03.06.0124,40203060124,INSTALAÇÃO DE LEITOR DE BIOMETRIA FACIAL
1653,4.02.03.01.0061,40203010061,MELHORIAS NO JARDIM
1653,4.01.02.02.0007,40102020007,MANUTENÇÃO JARDIM
2146,4.02.01.02.0009,40201020009,FLORICULTURA
2424,4.01.02.02.0073,40102020073,MANUTENÇÃO DO BEBEDOURO
2424,4.01.02.02.0120,40102020120,MANUTENÇÕES DIVERSAS
3187,4.01.04.01.0019,40104010019,SERVIÇO DE LIMPEZA
3187,4.01.01.03.0001,40101030001,SERVIÇO DE LIMPEZA - MENSAL
2183,4.01.02.02.0050,40102020050,MANUTENÇÕES NAS CALÇADAS INTERNAS
2183,4.01.02.02.0158,40102020158,MATERIAIS PARA MANUTENÇÃO DAS CALÇADAS INTERNAS
1417,4.02.03.06.0036,40203060036,REFORMA DA SAUNA - OUTROS
1417,4.01.02.02.0004,40102020004,MATERIAIS DE LIMPEZA E HIGIENE
1417,4.01.02.02.0039,40102020039,MATERIAIS PARA MANUTENÇÃO DA PISCINA
1384,4.01.02.02.0103,40102020103,REPARO DE VIDRO DA ÁREA COMUM
2915,4.02.03.07.0001,40203070001,13º SALÁRIOS
2915,4.01.02.03.0004,40102030004,HONORÁRIOS DE SÍNDICO
2915,4.01.01.01.0001,40101010001,ORDENADOS E SALÁRIOS REF. EMPREGADOS
2915,4.01.01.01.0023,40101010023,SUBSTITUIÇÃO DE EMPREGADOS EM FÉRIAS
2915,4.01.01.01.0016,40101010016,AUXILIO TRANSPORTE REF. EMPREGADOS
2915,4.01.02.01.0004,40102010004,TELEFONE E INTERNET
2915,4.01.01.01.0017,40101010017,AUXILIO COMBUSTÍVEL REF. EMPREGADOS
1142,4.02.03.09.0005,40203090005,SUBSTITUIÇÕES DE EMPREGADOS EM FÉRIAS
1142,4.01.02.02.0109,40102020109,RETIRADA DE ENTULHOS
1142,4.01.02.02.0113,40102020113,MANUTENÇÃO DO PARA-RAIOS
1142,4.01.01.01.0011,40101010011,SERVIÇO DE LIMPEZA - DIARISTA
1142,4.01.01.01.0028,40101010028,SERVIÇO DE SEGURANÇA - DIARISTA
1481,4.02.01.02.0021,40201020021,AQUISIÇÃO DE CADEIRA PARA AREA COMUM
0669,4.01.01.01.0001,40101010001,ORDENADOS E SALÁRIOS REF. EMPREGADOS
0669,4.01.01.01.0002,40101010002,FÉRIAS
0669,4.02.03.09.0001,40203090001,13º SALÁRIOS
0669,4.02.03.09.0003,40203090003,FÉRIAS
1436,4.02.03.11.0011,40203110011,DUCHA PARA AREA DA PISCINA
1436,4.01.02.02.0010,40102020010,MATERIAIS ELÉTRICOS/LÂMPADAS
1436,4.02.01.02.0023,40201020023,AQUISIÇÃO DE CAIXA ORGANIZADORA
1436,4.02.01.02.0019,40201020019,AQUISIÇÃO DE MAQUINA APARADORA DE GRAMA
1436,4.02.01.02.0003,40201020003,AQUISIÇÃO DE LAVADORA DE ALTA PRESSÃO
1436,4.02.01.02.0026,40201020026,AQUISIÇÃO DE FERRAMENTAS DIVERSAS
1436,4.02.01.02.0027,40201020027,AQUISIÇÃO DE MÁQUINA SOPRADOR
1436,4.02.01.02.0001,40201020001,AQUISIÇÃO DE CADEADO
1436,4.01.02.02.0004,40102020004,MATERIAIS DE LIMPEZA E HIGIENE
1436,4.02.01.02.0031,40201020031,AQUISIÇÃO DE PERSIANAS PARA GUARITA
1436,4.01.02.02.0036,40102020036,MATERIAIS MANUTENÇÕES DIVERSAS
1436,4.02.03.06.0062,40203060062,REFORMA DA CALÇADA - OUTROS
1436,4.02.03.01.0057,40203010057,AQUISIÇÃO DE QUADRO PARA ÁREA COMUM
1436,4.02.03.12.0008,40203120008,AQUISIÇÃO DE OMBRELONE PARA AREA DA PISCINA
1436,4.02.03.12.0009,40203120009,MATERIAIS PARA MANUTENÇÃO DO JARDIM
1436,4.02.03.12.0010,40203120010,REFORMA DA AREA DE LAZER
1436,4.01.02.02.0169,40102020169,REFORMA DA AREA DE LAZER
1436,4.01.02.02.0039,40102020039,MATERIAIS PARA MANUTENÇÃO DA PISCINA
1436,4.02.03.06.0075,40203060075,REFORMA DA FACHADA DO CONDOMÍNIO - MATERIAIS
1436,4.02.01.02.0028,40201020028,RESSARCIMENTO DE DANOS
0764,4.01.01.01.0013,40101010013,SEGURO DE VIDA REF. EMPREGADOS
0764,4.02.03.11.0024,40203110024,SEGURO DE VIDA DOS EMPREGADOS
1147,4.01.02.02.0063,40102020063,LIMPEZA DE MARQUISE E CALHAS
1147,4.01.02.02.0097,40102020097,MANUTENÇÃO DE BANCOS DA ÁREA COMUM
2914,4.01.01.01.0010,40101010010,LAUDOS DA MEDICINA DO TRABALHO REF. EMPREGADOS
2914,4.01.01.01.0014,40101010014,EXAMES MÉDICOS SAÚDE OCUPACIONAL REF. EMPREGADOS
2888,4.01.01.01.0001,40101010001,ORDENADOS E SALÁRIOS REF. EMPREGADOS
2888,4.02.03.07.0001,40203070001,13º SALÁRIOS
2888,4.02.03.07.0003,40203070003,FÉRIAS
2913,4.01.02.02.0004,40102020004,MATERIAIS DE LIMPEZA E HIGIENE
0873,4.01.01.03.0001,40101030001,SERVIÇO DE LIMPEZA - MENSAL
0873,4.01.01.01.0011,40101010011,SERVIÇO DE LIMPEZA - DIARISTA
3441,4.01.02.02.0122,40102020122,LIMPEZA ANUAL DA FOSSA
1173,4.01.02.02.0069,40102020069,DEDETIZAÇÃO DA AREA COMUM E LIMPEZA DA CAIXA DÁGUA
0758,4.01.02.02.0024,40102020024,MATERIAIS PARA MANUTENÇÃO DE APARELHOS DA ACADEMIA
0758,4.01.04.01.0003,40104010003,MANUTENÇÃO DOS APARELHOS DA ACADEMIA
0758,4.02.03.01.0013,40203010013,MANUTENÇÃO DOS EQUIPAMENTOS DA ACADEMIA
0879,4.01.02.02.0055,40102020055,MANUTENÇÃO DA CADEIRA DA PORTARIA
1226,4.01.02.01.0009,40102010009,SERVIÇOS CARTORÁRIOS E REGISTROS
1160,4.02.03.06.0011,40203060011,REPAROS NO POÇO ARTESIANO
1160,4.01.02.02.0136,40102020136,SUBSTITUIÇÃO DO MOTOR DO POÇO ARTESIANO
1616,4.02.03.11.0022,40203110022,MANUTENÇÃO DOS EXTINTORES DE INCÊNDIO
1616,4.01.02.02.0031,40102020031,MANUTENÇÃO/RECARGA DOS EXTINTORES DE INCÊNDIO
1392,4.02.03.01.0034,40203010034,INSTALAÇÃO DE ESTRUTURA ELÉTRICA PARA AR CONDICIONADO DO SALÃO DE FESTAS
1392,4.02.03.06.0038,40203060038,INSTALAÇÃO DE ESTRUTURA ELÉTRICA PARA AR CONDICIONADO DO SALÃO DE FESTAS
0658,4.01.02.03.0006,40102030006,HONORÁRIOS DE VICE-SÍNDICO(A)
0658,4.02.03.08.0019,40203080019,VALORES PAGOS A SEREM DEVOLVIDOS
1452,4.01.04.01.0003,40104010003,MANUTENÇÃO DOS APARELHOS DA ACADEMIA
1452,4.02.03.01.0013,40203010013,MANUTENÇÃO DOS EQUIPAMENTOS DA ACADEMIA
1452,4.02.03.01.0047,40203010047,AQUISIÇÃO DE EQUIPAMENTOS PARA ACADEMIA
1452,4.01.02.02.0041,40102020041,REPAROS NOS APARELHOS DA ACADEMIA
0882,4.01.04.01.0008,40104010008,MONITORAMENTO DO ALARME
0806,4.01.02.02.0036,40102020036,MATERIAIS MANUTENÇÕES DIVERSAS
0217,4.01.02.03.0004,40102030004,HONORÁRIOS DE SÍNDICO
0687,4.01.01.01.0001,40101010001,ORDENADOS E SALÁRIOS REF. EMPREGADOS
0687,4.02.03.09.0001,40203090001,13º SALÁRIOS
0687,4.02.01.02.0038,40201020038,AQUISIÇÃO DE APARELHO CELULAR
0687,4.02.03.09.0003,40203090003,FÉRIAS
0687,4.01.02.02.0017,40102020017,MANUTENÇÃO DO SISTEMA DE SEGURANÇA
0791,4.01.02.02.0038,40102020038,LIMPEZA DO SALÃO DE FESTAS
0791,4.02.03.01.0004,40203010004,LIMPEZA DO SALÃO DE FESTAS
0107,4.02.03.08.0018,40203080018,DEVOLUÇÃO DE VALORES DEPOSITADOS/RECEBIDOS A MAIOR
1655,4.01.02.02.0127,40102020127,MANUTENÇÃO DA SAUNA
3127,4.02.03.06.0074,40203060074,REFORMA DA FACHADA DO CONDOMÍNIO - MÃO DE OBRA
2884,4.01.02.03.0004,40102030004,HONORÁRIOS DE SÍNDICO
2884,4.01.01.01.0001,40101010001,ORDENADOS E SALÁRIOS REF. EMPREGADOS
2884,4.02.03.07.0001,40203070001,13º SALÁRIOS
2884,4.01.02.02.0120,40102020120,MANUTENÇÕES DIVERSAS
2884,4.02.03.08.0033,40203080033,TAXA DE CORTE DE ÁGUA
1295,4.02.03.06.0085,40203060085,REFORMA DO JARDIM
1295,4.01.02.02.0007,40102020007,MANUTENÇÃO JARDIM
1295,4.01.02.02.0058,40102020058,PODA DE ÁRVORES/COQUEIROS
3526,4.02.01.02.0071,40201020071,AQUISIÇÃO DE FRAGMENTADORA DE PAPEL
1867,4.02.03.06.0062,40203060062,REFORMA DA CALÇADA - OUTROS
1789,4.01.02.02.0080,40102020080,MANUTENÇÃO SISTEMA DE CÂMERAS DE SEGURANÇA (DESUSO)
1789,4.01.02.02.0078,40102020078,MANUTENÇÃO DO PORTÃO DE VEÍCULOS
1789,4.02.03.08.0001,40203080001,AQUISIÇÃO DE TAGS E CONTROLES PARA REPASSE
2068,4.01.02.02.0080,40102020080,MANUTENÇÃO SISTEMA DE CÂMERAS DE SEGURANÇA (DESUSO)
2068,4.01.02.02.0017,40102020017,MANUTENÇÃO DO SISTEMA DE SEGURANÇA
3518,4.02.03.06.0135,40203060135,LAUDO TÉCNICO VISTORIA FACHADA
1432,4.01.02.02.0118,40102020118,SUBSTITUIÇÃO DE MEDIDORES/REGULADORES DE GÁS
1432,4.01.02.02.0030,40102020030,REPARO DE VAZAMENTO DE GÁS
1432,4.02.03.08.0014,40203080014,REPARO DE VAZAMENTO DE GÁS EM UNIDADE
1121,4.02.03.01.0009,40203010009,SUPORTE PARA O BOTIJÃO DE GÁS
1121,4.02.03.06.0019,40203060019,REFORMA DA GARAGEM - MATERIAIS
1121,4.02.03.06.0083,40203060083,REPARO DO TELHADO DA AREA COMUM
2398,4.01.02.02.0152,40102020152,MANUTENÇÃO DAS LIXEIRAS DA ÁREA COMUM
2425,4.01.02.02.0035,40102020035,MATERIAIS PARA MANUTENÇÃO DO JARDIM
2425,4.01.02.02.0007,40102020007,MANUTENÇÃO JARDIM
2425,4.01.02.02.0116,40102020116,MANUTENÇÃO DA LAVADORA DE ALTA PRESSÃO
1258,4.01.02.02.0036,40102020036,MATERIAIS MANUTENÇÕES DIVERSAS
1258,4.02.03.06.0005,40203060005,PINTURA DAS ÁREAS COMUNS
0872,4.02.03.08.0001,40203080001,AQUISIÇÃO DE TAGS E CONTROLES PARA REPASSE
0872,4.02.03.06.0056,40203060056,REFORMA DA CALÇADA - MÃO DE OBRA
0864,4.01.02.02.0039,40102020039,MATERIAIS PARA MANUTENÇÃO DA PISCINA
0864,4.02.01.02.0013,40201020013,AQUISIÇÃO DE REDE DE BIRIBOL
0674,4.01.02.03.0004,40102030004,HONORÁRIOS DE SÍNDICO
0868,4.01.02.02.0048,40102020048,SUBSTITUIÇÃO DE EMPREGADOS DEVIDO LICENÇA MÉDICA (DESUSO)
0868,4.01.01.01.0026,40101010026,SUBSTITUIÇÃO DE EMPREGADOS DEVIDO LICENÇA MÉDICA
0762,4.02.03.07.0001,40203070001,13º SALÁRIOS
0762,4.01.01.01.0001,40101010001,ORDENADOS E SALÁRIOS REF. EMPREGADOS
0762,4.02.03.07.0005,40203070005,RESCISÃO DE CONTRATO DE TRABALHO
2892,4.01.02.02.0162,40102020162,VISITA TÉCNICA DE GÁS
2172,4.02.01.02.0035,40201020035,AQUISIÇÃO DE LIMITADOR DE VAGAS PARA VAGAS DE GARAGEM ROTATIVA
2172,4.02.01.02.0043,40201020043,AQUISIÇÃO DE ITENS DE SEGURANÇA PARA PONTO DE LAVAGEM
1323,4.02.03.11.0026,40203110026,VISTORIA E MANUTENÇÃO DOS HIDRANTES DE INCÊNDIO
1323,4.01.02.02.0032,40102020032,MANUTENÇÃO DAS MANGUEIRAS DE INCÊNDIO
1323,4.01.02.02.0105,40102020105,MANUTENÇÃO DOS HIDRANTES DE INCÊNDIO
1323,4.02.03.06.0064,40203060064,MANUTENÇÃO DOS HIDRANTES DE INCÊNDIO
2227,4.01.02.02.0078,40102020078,MANUTENÇÃO DO PORTÃO DE VEÍCULOS
2227,4.02.03.08.0012,40203080012,REPARO DO PORTÃO DE VEÍCULOS
0849,4.01.02.02.0084,40102020084,MANUTENÇÃO DA BOIA/BOMBA DA CAIXA DE ÁGUA
0849,4.01.02.02.0007,40102020007,MANUTENÇÃO JARDIM
0849,4.01.04.01.0005,40104010005,MANUTENÇÃO DO JARDIM
0849,4.02.03.06.0044,40203060044,REFORMA DO PISO DA GARAGEM
0849,4.01.02.02.0125,40102020125,REPAROS NO TELHADO DA ÁREA COMUM
0849,4.01.02.02.0109,40102020109,RETIRADA DE ENTULHOS
0849,4.01.02.02.0009,40102020009,MANUTENÇÃO HIDRÁULICA
0849,4.01.02.02.0050,40102020050,MANUTENÇÕES NAS CALÇADAS INTERNAS
0849,4.01.02.02.0121,40102020121,MANUTENÇÃO NA CALÇADA EXTERNA
2123,4.02.01.02.0024,40201020024,AQUISIÇÃO DE CARRINHO PARA TRANSPORTE DE COMPRAS
3458,4.01.01.01.0001,40101010001,ORDENADOS E SALÁRIOS REF. EMPREGADOS
0792,4.01.02.02.0026,40102020026,MANUTENÇÃO DA PISCINA
0792,4.01.04.01.0004,40104010004,TRATAMENTO E LIMPEZA DA PISCINA
0792,4.01.02.02.0065,40102020065,MANUTENÇÃO DO MOTOR/FILTRO DA PISCINA
2145,4.01.01.01.0016,40101010016,AUXILIO TRANSPORTE REF. EMPREGADOS
2145,4.01.01.01.0023,40101010023,SUBSTITUIÇÃO DE EMPREGADOS EM FÉRIAS
2145,4.02.03.09.0005,40203090005,SUBSTITUIÇÕES DE EMPREGADOS EM FÉRIAS
2016,4.01.01.01.0001,40101010001,ORDENADOS E SALÁRIOS REF. EMPREGADOS
2016,4.02.03.07.0003,40203070003,FÉRIAS
2016,4.02.03.07.0001,40203070001,13º SALÁRIOS
2016,4.01.01.01.0027,40101010027,CESTA DE NATAL PARA EMPREGADO(S)
3241,4.01.02.02.0004,40102020004,MATERIAIS DE LIMPEZA E HIGIENE
0672,4.01.01.01.0001,40101010001,ORDENADOS E SALÁRIOS REF. EMPREGADOS
0672,4.02.03.09.0003,40203090003,FÉRIAS
0672,4.02.03.09.0001,40203090001,13º SALÁRIOS
0672,4.02.03.09.0005,40203090005,SUBSTITUIÇÕES DE EMPREGADOS EM FÉRIAS
3228,4.02.03.06.0008,40203060008,REFORMA DA AREA DA PISCINA E SALÃO DE FESTAS
1124,4.01.02.02.0058,40102020058,PODA DE ÁRVORES/COQUEIROS
1878,4.02.03.06.0075,40203060075,REFORMA DA FACHADA DO CONDOMÍNIO - MATERIAIS
1878,4.01.02.02.0036,40102020036,MATERIAIS MANUTENÇÕES DIVERSAS
1878,4.01.02.02.0156,40102020156,MANUTENÇÃO DOS BRINQUEDOS DO PARQUINHO/BRINQUEDOTECA
1878,4.01.02.02.0039,40102020039,MATERIAIS PARA MANUTENÇÃO DA PISCINA
1878,4.01.02.02.0010,40102020010,MATERIAIS ELÉTRICOS/LÂMPADAS
3159,4.02.01.02.0051,40201020051,AQUISIÇÃO DE CHUVEIRO
3159,4.02.01.02.0069,40201020069,AQUISIÇÃO CAIXA DÁGUA DE ÁGUA NOVA
1325,4.01.02.02.0031,40102020031,MANUTENÇÃO/RECARGA DOS EXTINTORES DE INCÊNDIO
1325,4.01.02.02.0018,40102020018,MANUTENÇÃO EXTINTORES E MANGUEIRAS DE INCÊNDIO
1325,4.02.01.02.0045,40201020045,AQUISIÇÃO DE EXTINTOR(ES) DE INCÊNDIO
1325,4.02.03.11.0029,40203110029,MANUTENÇÃO DOS EXTINTORES E MANGUEIRAS DE INCÊNDIO
0767,4.01.02.02.0001,40102020001,MANUTENÇÃO DA MAQUINA APARADORA DE GRAMA
0767,4.01.02.02.0002,40102020002,SUBSTITUIÇÃO DE PEÇAS DO(S) ELEVADOR(S)
0767,4.01.04.01.0001,40104010001,VISTORIA E MANUTENÇÃO DOS ELEVADORES
2094,4.02.03.06.0075,40203060075,REFORMA DA FACHADA DO CONDOMÍNIO - MATERIAIS
2205,4.02.03.06.0081,40203060081,RETIRADA DAS PASTILHAS SOLTAS DA FACHADA
2205,4.02.03.06.0063,40203060063,CORREÇÃO DE INFILTRAÇÃO NAS PAREDES EXTERNAS
0769,4.01.01.01.0014,40101010014,EXAMES MÉDICOS SAÚDE OCUPACIONAL REF. EMPREGADOS
3195,4.01.01.01.0014,40101010014,EXAMES MÉDICOS SAÚDE OCUPACIONAL REF. EMPREGADOS
2098,4.02.03.06.0075,40203060075,REFORMA DA FACHADA DO CONDOMÍNIO - MATERIAIS
3493,4.01.02.02.0004,40102020004,MATERIAIS DE LIMPEZA E HIGIENE
1412,4.02.03.01.0036,40203010036,PINTURA DO SALÃO DE FESTAS
0180,4.01.02.02.0142,40102020142,SUBSTITUIÇÃO DE HIDROMETRO
1332,4.01.02.02.0004,40102020004,MATERIAIS DE LIMPEZA E HIGIENE
0662,4.01.01.01.0004,40101010004,INSS REF. EMPREGADOS/SÍNDICO
0662,4.01.01.03.0001,40101030001,SERVIÇO DE LIMPEZA - MENSAL
0662,4.01.01.01.0018,40101010018,PIS REF. EMPREGADOS
0662,4.01.01.01.0019,40101010019,IRRF REF. EMPREGADOS
0662,4.01.04.01.0001,40104010001,VISTORIA E MANUTENÇÃO DOS ELEVADORES
0662,4.01.04.01.0006,40104010006,TRATAMENTO DO POÇO ARTESIANO
0662,4.01.04.01.0008,40104010008,MONITORAMENTO DO ALARME
0662,4.01.02.02.0014,40102020014,DEDETIZAÇÃO E DESRATIZAÇÃO DA ÁREA COMUM
0662,4.01.01.02.0008,40101020008,LAUDOS REFERENTES VISTORIA CORPO DE BOMBEIROS
0662,4.02.03.09.0008,40203090008,ENCARGOS POR RESCISÃO DE CONTRATO DE TRABALHO
0662,4.01.02.02.0007,40102020007,MANUTENÇÃO JARDIM
0662,4.01.01.03.0002,40101030002,SERVIÇO DE PORTARIA PRESENCIAL - MENSAL
0662,4.02.03.08.0005,40203080005,IMPOSTOS A RESTITUIR - DEZAINY
0662,4.02.03.07.0004,40203070004,ENCARGOS SOBRE PAGAMENTO DE FÉRIAS
0662,4.01.02.02.0002,40102020002,SUBSTITUIÇÃO DE PEÇAS DO(S) ELEVADOR(S)
0662,4.02.03.07.0002,40203070002,ENCARGOS SOBRE FOLHA DE 13º SALÁRIOS
0662,4.01.02.02.0003,40102020003,SERVIÇOS DE LIMPEZA E CONSERVAÇÃO
0662,4.02.03.06.0037,40203060037,REFORMA DA SAUNA - MÃO DE OBRA
0662,4.02.03.09.0002,40203090002,ENCARGOS SOBRE FOLHA DE 13º SALÁRIOS
0662,4.02.03.09.0006,40203090006,ENCARGOS SOBRE PAGAMENTO DE SUBSTITUIÇÃO DE FÉRIAS
0662,4.01.03.01.0013,40103010013,IMPOSTOS RETIDOS REF. NOTA FISCAL DEZAINY
0662,4.01.01.01.0011,40101010011,SERVIÇO DE LIMPEZA - DIARISTA
0662,4.02.03.09.0004,40203090004,ENCARGOS SOBRE PAGAMENTO DE FÉRIAS
0662,4.01.01.01.0023,40101010023,SUBSTITUIÇÃO DE EMPREGADOS EM FÉRIAS
0662,4.01.02.02.0124,40102020124,DESENTUPIMENTO DA PRUMADA HIDRAULICA/REDE ESGOTO
0662,4.01.01.03.0005,40101030005,SERVIÇO DE PORTARIA/LIMPEZA/ZELADORIA - MENSAL
0662,4.01.01.01.0007,40101010007,ENCARGOS SOBRE SUBSTITUIÇÃO DE FÉRIAS
0662,4.02.03.08.0019,40203080019,VALORES PAGOS A SEREM DEVOLVIDOS
0662,4.01.04.01.0020,40104010020,SERVIÇO DE PORTARIA
0662,4.01.01.01.0032,40101010032,PARCELAMENTO DE IMPOSTOS FEDERAIS
0662,4.02.03.01.0064,40203010064,DESPESAS COM EVENTO DO DIA DAS CRIANÇAS
0662,4.02.03.08.0032,40203080032,VISTORIA HIDRAULICA EM UNIDADE AUTONOMA
0662,4.01.02.02.0009,40102020009,MANUTENÇÃO HIDRÁULICA
1510,4.01.02.02.0123,40102020123,PEDRA BRITA PARA ENTRADA DO CONDOMÍNIO
2898,4.01.02.01.0004,40102010004,TELEFONE E INTERNET
1240,4.02.03.01.0021,40203010021,AQUISIÇÃO DE MAQUINA APARADORA DE GRAMA
1240,4.01.02.02.0001,40102020001,MANUTENÇÃO DA MAQUINA APARADORA DE GRAMA
1240,4.02.03.06.0025,40203060025,REFORMA DA SAUNA - MATERIAIS
1240,4.02.01.02.0019,40201020019,AQUISIÇÃO DE MAQUINA APARADORA DE GRAMA
1240,4.01.02.02.0036,40102020036,MATERIAIS MANUTENÇÕES DIVERSAS
1240,4.02.03.06.0019,40203060019,REFORMA DA GARAGEM - MATERIAIS
1240,4.01.02.02.0010,40102020010,MATERIAIS ELÉTRICOS/LÂMPADAS
1240,4.02.03.06.0125,40203060125,REFORMA DO BANHEIRO E SALA DA ADMINISTRAÇÃO
1361,4.01.02.02.0004,40102020004,MATERIAIS DE LIMPEZA E HIGIENE
1846,4.02.03.01.0032,40203010032,MATERIAIS PARA MANUTENÇÕES DIVERSAS
1846,4.01.02.02.0036,40102020036,MATERIAIS MANUTENÇÕES DIVERSAS
1444,4.02.03.06.0029,40203060029,REFORMA DA GARAGEM - ESTACIONAMENTO
1444,4.01.02.02.0133,40102020133,ESTACIONAMENTO PARA VEÍCULOS DEVIDO PROBLEMA EM PORTÃO DA GARAGEM
0201,4.01.01.03.0002,40101030002,SERVIÇO DE PORTARIA PRESENCIAL - MENSAL
0201,4.01.04.01.0007,40104010007,TRATAMENTO REDE DE ESGOTO
0201,4.01.04.01.0004,40104010004,TRATAMENTO E LIMPEZA DA PISCINA
0201,4.01.04.01.0008,40104010008,MONITORAMENTO DO ALARME
0201,4.01.01.03.0001,40101030001,SERVIÇO DE LIMPEZA - MENSAL
0201,4.01.02.02.0045,40102020045,MANUTENÇÃO DA CAIXA DAGUA CISTERNA
0201,4.01.01.01.0011,40101010011,SERVIÇO DE LIMPEZA - DIARISTA
0201,4.01.01.03.0003,40101030003,SERVIÇO DE PORTARIA REMOTA - MENSAL
0201,4.01.02.02.0048,40102020048,SUBSTITUIÇÃO DE EMPREGADOS DEVIDO LICENÇA MÉDICA (DESUSO)
0201,4.01.04.01.0006,40104010006,TRATAMENTO DO POÇO ARTESIANO
0201,4.01.02.02.0007,40102020007,MANUTENÇÃO JARDIM
0201,4.02.03.09.0006,40203090006,ENCARGOS SOBRE PAGAMENTO DE SUBSTITUIÇÃO DE FÉRIAS
0201,4.02.03.06.0009,40203060009,MULTA SEMA REF. PODA DE ARVORES
0201,4.01.02.02.0033,40102020033,MANUTENÇÃO DA REDE DE ESGOTO
0201,4.01.01.01.0023,40101010023,SUBSTITUIÇÃO DE EMPREGADOS EM FÉRIAS
0201,4.01.01.02.0002,40101020002,ISS
0201,4.01.02.02.0025,40102020025,REPARO NA PRUMADA HIDRAULICA
0201,4.01.04.01.0010,40104010010,SERVIÇO DE RONDA PREVENTIVA
0201,4.01.04.01.0013,40104010013,LIMPEZA SEMESTRAL DAS CAIXAS DE GORDURA
0201,4.01.04.01.0012,40104010012,LIMPEZA SEMESTRAL DAS CAIXAS DÁGUA
0201,4.02.03.06.0011,40203060011,REPAROS NO POÇO ARTESIANO
0201,4.01.02.02.0061,40102020061,VISTORIA HIDRÁULICA NAS UNIDADES
0201,4.01.02.02.0075,40102020075,MANUTENÇÃO DO MOTOR DA PISCINA COBERTA
0201,4.01.01.01.0007,40101010007,ENCARGOS SOBRE SUBSTITUIÇÃO DE FÉRIAS
0201,4.02.03.06.0035,40203060035,IMPOSTOS SOBRE MÃO DE OBRA DE PINTURA EXTERNA DOS BLOCOS
0201,4.01.02.02.0009,40102020009,MANUTENÇÃO HIDRÁULICA
0201,4.02.03.06.0046,40203060046,RETIRADA DE ENTULHOS
0201,4.01.02.02.0124,40102020124,DESENTUPIMENTO DA PRUMADA HIDRAULICA/REDE ESGOTO
0201,4.01.01.01.0026,40101010026,SUBSTITUIÇÃO DE EMPREGADOS DEVIDO LICENÇA MÉDICA
0201,4.02.02.03.0003,40202030003,IPTU AREA DE LAZER
0201,4.02.03.09.0005,40203090005,SUBSTITUIÇÕES DE EMPREGADOS EM FÉRIAS
0201,4.02.03.06.0056,40203060056,REFORMA DA CALÇADA - MÃO DE OBRA
0201,4.02.03.06.0018,40203060018,REFORMA DA GARAGEM - MÃO DE OBRA
0201,4.01.02.02.0066,40102020066,MANUTENÇÃO DA CAIXA DÁGUA ELEVADA
0201,4.01.04.01.0018,40104010018,LAUDOS ANUAIS OBRIGATÓRIOS
0201,4.02.03.06.0062,40203060062,REFORMA DA CALÇADA - OUTROS
0201,4.01.01.03.0005,40101030005,SERVIÇO DE PORTARIA/LIMPEZA/ZELADORIA - MENSAL
0201,4.02.03.08.0019,40203080019,VALORES PAGOS A SEREM DEVOLVIDOS
0201,4.02.03.06.0085,40203060085,REFORMA DO JARDIM
0201,4.02.03.06.0105,40203060105,REFORMA DO HALL DOS BLOCOS - OUTROS
0201,4.01.02.02.0159,40102020159,LIMPEZA DAS CAIXAS DE GORDURA
0201,4.02.03.06.0110,40203060110,TROCA DO PISO DO PÁTIO E INSTALAÇÃO CAIXAS DE PASSAGEM TELEFONIA
0201,4.02.03.06.0118,40203060118,OBRA NA GARAGEM DO BLOCO 10
0201,4.01.04.01.0022,40104010022,DEDETIZAÇÃO/LIMPEZA CX DAGUA E CX DE GORDURA
0201,4.02.03.01.0004,40203010004,LIMPEZA DO SALÃO DE FESTAS
0201,4.01.02.02.0120,40102020120,MANUTENÇÕES DIVERSAS
0201,4.02.03.11.0031,40203110031,LIMPEZA SEMESTRAL DAS CAIXAS DE GORDURA
0201,4.02.03.11.0032,40203110032,LIMPEZA SEMESTRAL DAS CAIXAS DÁGUA
0201,4.01.01.02.0001,40101020001,IPTU GARAGEM AREA COMUM
2928,4.02.03.07.0001,40203070001,13º SALÁRIOS
2928,4.01.01.01.0001,40101010001,ORDENADOS E SALÁRIOS REF. EMPREGADOS
2928,4.02.03.07.0003,40203070003,FÉRIAS
2928,4.02.03.12.0004,40203120004,BASE PARA GUARDA-SOL DA PISCINA
2928,4.02.03.12.0005,40203120005,AQUISIÇÃO DE BEBEDOURO PARA AREA DA PISCINA
2928,4.02.03.12.0006,40203120006,INSTALAÇÃO DE TOLDO NO BEBEDOURO DA AREA DA PISCINA
2928,4.02.03.10.0013,40203100013,INSTALAÇÃO DO PONTO DE LAVAGEM - OUTROS
2928,4.02.03.10.0014,40203100014,INSTALAÇÃO DO PONTO DE LAVAGEM - MÃO DE OBRA
2928,4.02.03.06.0023,40203060023,MATERIAIS PARA PINTURA EXTERNA DOS BLOCOS
2928,4.01.02.02.0060,40102020060,VISTORIA HIDRÁULICA NA ÁREA COMUM
2928,4.02.03.08.0008,40203080008,REPARO HIDRAULICO EM UNIDADE AUTÔNOMA
2928,4.01.02.02.0008,40102020008,MANUTENÇÃO ELÉTRICA
2928,4.02.03.06.0077,40203060077,PINTURA DAS GRADES DA ÁREA COMUM
2928,4.02.03.01.0044,40203010044,AQUISIÇÃO DE MOVEIS PARA O SALÃO DE FESTAS
2928,4.02.03.01.0032,40203010032,MATERIAIS PARA MANUTENÇÕES DIVERSAS
2928,4.01.02.02.0116,40102020116,MANUTENÇÃO DA LAVADORA DE ALTA PRESSÃO
2928,4.01.02.02.0007,40102020007,MANUTENÇÃO JARDIM
2928,4.01.02.02.0004,40102020004,MATERIAIS DE LIMPEZA E HIGIENE
2928,4.02.03.06.0075,40203060075,REFORMA DA FACHADA DO CONDOMÍNIO - MATERIAIS
2928,4.01.02.02.0157,40102020157,LAUDOS PERICIAIS REFORMA DA CALÇADA
2928,4.02.03.06.0106,40203060106,REFORMA DA QUADRA DE ESPORTES - MÃO DE OBRA
2928,4.01.02.02.0106,40102020106,MANUTENÇÃO DE CALHAS E RUFOS
2928,4.01.02.02.0109,40102020109,RETIRADA DE ENTULHOS
2928,4.01.01.01.0026,40101010026,SUBSTITUIÇÃO DE EMPREGADOS DEVIDO LICENÇA MÉDICA
2928,4.01.02.02.0030,40102020030,REPARO DE VAZAMENTO DE GÁS
2928,4.02.01.02.0017,40201020017,LEMBRANÇA DE NATAL PARA COLABORADORES
2928,4.02.03.06.0073,40203060073,PINTURA DO PRÉDIO - MATERIAIS
2928,4.01.02.02.0021,40102020021,SERVIÇOS CHAVEIRO
2928,4.01.02.02.0120,40102020120,MANUTENÇÕES DIVERSAS
2928,4.01.02.02.0036,40102020036,MATERIAIS MANUTENÇÕES DIVERSAS
2928,4.01.03.01.0017,40103010017,DESPESA NÃO IDENTIFICADA
2928,4.02.01.02.0048,40201020048,AQUISIÇÃO DE EQUIPAMENTOS PARA ACADEMIA
2928,4.02.01.02.0046,40201020046,CUSTAS JUDICIAIS
2928,4.01.02.02.0057,40102020057,MANUTENÇÃO DO PORTÃO SOCIAL
0690,4.01.01.01.0001,40101010001,ORDENADOS E SALÁRIOS REF. EMPREGADOS
0690,4.02.03.07.0001,40203070001,13º SALÁRIOS
0690,4.02.03.07.0003,40203070003,FÉRIAS
0690,4.02.03.07.0005,40203070005,RESCISÃO DE CONTRATO DE TRABALHO
3459,4.01.01.01.0001,40101010001,ORDENADOS E SALÁRIOS REF. EMPREGADOS
3499,4.02.03.05.0007,40203050007,RESTAURAÇÃO DO JARDIM EM FRENTE AO PRÉDIO
0780,4.01.04.01.0004,40104010004,TRATAMENTO E LIMPEZA DA PISCINA
3046,4.01.02.02.0165,40102020165,MANUTENÇÃO NO VENTILADOR DA PORTARIA
2403,4.01.02.02.0010,40102020010,MATERIAIS ELÉTRICOS/LÂMPADAS
2403,4.01.02.02.0017,40102020017,MANUTENÇÃO DO SISTEMA DE SEGURANÇA
0773,4.01.01.01.0015,40101010015,AUXILIO ALIMENTAÇÃO REF. EMPREGADOS
0773,4.01.01.01.0027,40101010027,CESTA DE NATAL PARA EMPREGADO(S)
1862,4.01.02.02.0139,40102020139,VISTORIA ANUAL DO PARA-RAIOS
1862,4.02.03.11.0021,40203110021,VISTORIA ANUAL DO PARA-RAIOS
3497,4.02.03.01.0001,40203010001,AQUISIÇÃO DE UTENSILIOS PARA O SALÃO DE FESTAS
2959,4.02.03.01.0065,40203010065,CONFECÇÃO DE TOALHA DE MESA PARA O SALÃO DE FESTAS
1675,4.02.03.01.0047,40203010047,AQUISIÇÃO DE EQUIPAMENTOS PARA ACADEMIA
2042,4.02.03.01.0005,40203010005,AQUISIÇÃO DE GÁS PARA O SALÃO DE FESTAS
2095,4.02.03.06.0075,40203060075,REFORMA DA FACHADA DO CONDOMÍNIO - MATERIAIS
2095,4.02.03.06.0076,40203060076,REFORMA DA FACHADA DO CONDOMÍNIO - OUTROS
2095,4.02.01.02.0042,40201020042,LOCAÇÃO DE EQUIPAMENTOS
2095,4.02.03.06.0118,40203060118,OBRA NA GARAGEM DO BLOCO 10
1166,4.01.02.01.0009,40102010009,SERVIÇOS CARTORÁRIOS E REGISTROS
1166,4.02.03.11.0020,40203110020,SERVIÇOS DE CARTÓRIOS E REGISTROS
2350,4.02.03.08.0004,40203080004,CUSTAS DE COBRANÇA JUDICIAL
2350,4.01.02.01.0009,40102010009,SERVIÇOS CARTORÁRIOS E REGISTROS
1393,4.02.03.08.0004,40203080004,CUSTAS DE COBRANÇA JUDICIAL
1393,4.01.02.01.0009,40102010009,SERVIÇOS CARTORÁRIOS E REGISTROS
1511,4.02.03.06.0008,40203060008,REFORMA DA AREA DA PISCINA E SALÃO DE FESTAS
1210,4.02.01.02.0009,40201020009,FLORICULTURA
1210,4.02.03.01.0069,40203010069,FLORICULTURA
2003,4.01.02.02.0016,40102020016,MATERIAIS DE ESCRITÓRIO
1585,4.01.02.02.0126,40102020126,MANUTENÇÃO DA QUADRA DE ESPORTES
2400,4.01.02.02.0001,40102020001,MANUTENÇÃO DA MAQUINA APARADORA DE GRAMA
2400,4.01.02.02.0011,40102020011,MATERIAIS HIDRÁULICOS
1326,4.01.02.02.0139,40102020139,VISTORIA ANUAL DO PARA-RAIOS
1326,4.01.02.02.0113,40102020113,MANUTENÇÃO DO PARA-RAIOS
2899,4.01.02.03.0003,40102030003,HONORÁRIOS DE ASSESSORIA JURÍDICA
2899,4.02.03.08.0002,40203080002,REPASSE DE HONORÁRIOS DE COBRANÇA
2899,4.01.02.03.0008,40102030008,HONORÁRIOS ADVOCATÍCIOS
1241,4.01.01.01.0023,40101010023,SUBSTITUIÇÃO DE EMPREGADOS EM FÉRIAS
1241,4.01.01.01.0011,40101010011,SERVIÇO DE LIMPEZA - DIARISTA
2904,4.01.01.01.0001,40101010001,ORDENADOS E SALÁRIOS REF. EMPREGADOS
2904,4.02.03.07.0001,40203070001,13º SALÁRIOS
2904,4.01.01.01.0027,40101010027,CESTA DE NATAL PARA EMPREGADO(S)
2904,4.02.03.09.0001,40203090001,13º SALÁRIOS
2904,4.02.03.09.0003,40203090003,FÉRIAS
2886,4.01.01.01.0001,40101010001,ORDENADOS E SALÁRIOS REF. EMPREGADOS
2886,4.02.03.07.0001,40203070001,13º SALÁRIOS
1306,4.02.03.01.0030,40203010030,DECORAÇÃO DE NATAL
0665,4.01.01.01.0001,40101010001,ORDENADOS E SALÁRIOS REF. EMPREGADOS
0665,4.02.03.09.0001,40203090001,13º SALÁRIOS
0665,4.02.03.07.0001,40203070001,13º SALÁRIOS
0665,4.02.03.07.0003,40203070003,FÉRIAS
0665,4.01.01.01.0015,40101010015,AUXILIO ALIMENTAÇÃO REF. EMPREGADOS
2917,4.02.03.06.0103,40203060103,REFORMA DO HALL DOS BLOCOS - MÃO DE OBRA
2917,4.02.03.06.0106,40203060106,REFORMA DA QUADRA DE ESPORTES - MÃO DE OBRA
2917,4.02.03.06.0119,40203060119,MANUTENÇÕES NO SALÃO DE FESTAS
2917,4.01.02.02.0140,40102020140,MANUTENÇÕES NO SALÃO DE FESTAS
2370,4.01.02.02.0120,40102020120,MANUTENÇÕES DIVERSAS
1742,4.01.02.02.0036,40102020036,MATERIAIS MANUTENÇÕES DIVERSAS
1742,4.02.03.06.0075,40203060075,REFORMA DA FACHADA DO CONDOMÍNIO - MATERIAIS
1324,4.02.01.02.0007,40201020007,AQUISIÇÃO DE PLACAS OU ADESIVOS DE SINALIZAÇÃO/INFORMATIVAS
1324,4.01.02.02.0004,40102020004,MATERIAIS DE LIMPEZA E HIGIENE
1324,4.01.02.02.0117,40102020117,SACOS PARA LIXO
1324,4.02.01.02.0023,40201020023,AQUISIÇÃO DE CAIXA ORGANIZADORA
1296,4.01.02.02.0057,40102020057,MANUTENÇÃO DO PORTÃO SOCIAL
1304,4.01.01.03.0001,40101030001,SERVIÇO DE LIMPEZA - MENSAL
1304,4.01.01.01.0011,40101010011,SERVIÇO DE LIMPEZA - DIARISTA
2174,4.02.03.11.0022,40203110022,MANUTENÇÃO DOS EXTINTORES DE INCÊNDIO
2174,4.01.02.02.0031,40102020031,MANUTENÇÃO/RECARGA DOS EXTINTORES DE INCÊNDIO
2174,4.01.02.02.0018,40102020018,MANUTENÇÃO EXTINTORES E MANGUEIRAS DE INCÊNDIO
2174,4.02.01.02.0007,40201020007,AQUISIÇÃO DE PLACAS OU ADESIVOS DE SINALIZAÇÃO/INFORMATIVAS
2174,4.01.02.02.0032,40102020032,MANUTENÇÃO DAS MANGUEIRAS DE INCÊNDIO
3481,4.02.03.01.0001,40203010001,AQUISIÇÃO DE UTENSILIOS PARA O SALÃO DE FESTAS
1608,4.01.02.02.0004,40102020004,MATERIAIS DE LIMPEZA E HIGIENE
1608,4.02.01.02.0039,40201020039,AQUISIÇÃO DE ESCADA
3181,4.01.02.02.0066,40102020066,MANUTENÇÃO DA CAIXA DÁGUA ELEVADA
3181,4.02.03.06.0130,40203060130,INSTALAÇÃO DO DRENO DE ÁGUA DOS APARELHOS DE AR CONDICIONADO
3181,4.01.02.02.0011,40102020011,MATERIAIS HIDRÁULICOS
3394,4.01.02.02.0169,40102020169,REFORMA DA AREA DE LAZER
0038,4.02.03.06.0006,40203060006,IMPLEMENTAÇÃO DA PORTARIA REMOTA
0038,4.01.01.03.0003,40101030003,SERVIÇO DE PORTARIA REMOTA - MENSAL
0038,4.02.01.02.0007,40201020007,AQUISIÇÃO DE PLACAS OU ADESIVOS DE SINALIZAÇÃO/INFORMATIVAS
0038,4.01.02.02.0012,40102020012,SERVIÇOS DE PORTARIA
0038,4.02.01.02.0037,40201020037,AQUISIÇÃO DE PROTETOR PARA LEITOR FACIAL
0203,4.01.01.03.0003,40101030003,SERVIÇO DE PORTARIA REMOTA - MENSAL
3428,4.01.01.03.0003,40101030003,SERVIÇO DE PORTARIA REMOTA - MENSAL
0870,4.01.01.01.0013,40101010013,SEGURO DE VIDA REF. EMPREGADOS
3475,4.02.01.02.0070,40201020070,AQUISIÇÃO DE COMPUTADOR PARA A GUARITA
2144,4.02.03.06.0075,40203060075,REFORMA DA FACHADA DO CONDOMÍNIO - MATERIAIS
2144,4.02.03.08.0019,40203080019,VALORES PAGOS A SEREM DEVOLVIDOS
0790,4.01.02.02.0037,40102020037,MANUTENÇÃO DO FOGÃO DO SALÃO DE FESTAS
0790,4.02.03.01.0003,40203010003,MANUTENÇÃO DO FOGÃO DO SALÃO DE FESTAS
0790,4.01.02.02.0030,40102020030,REPARO DE VAZAMENTO DE GÁS
2881,4.01.02.02.0004,40102020004,MATERIAIS DE LIMPEZA E HIGIENE
2372,4.01.02.01.0003,40102010003,GÁS
1318,4.01.02.02.0036,40102020036,MATERIAIS MANUTENÇÕES DIVERSAS
0759,4.01.02.02.0004,40102020004,MATERIAIS DE LIMPEZA E HIGIENE
0836,4.01.02.02.0004,40102020004,MATERIAIS DE LIMPEZA E HIGIENE
0836,4.01.02.02.0039,40102020039,MATERIAIS PARA MANUTENÇÃO DA PISCINA
0836,4.02.03.01.0024,40203010024,AQUISIÇÃO DE CARRINHO PARA TRANSPORTE DO LIXO
0836,4.02.03.11.0002,40203110002,MATERIAIS PARA REPAROS DO CORRIMÃO DOS BLOCOS
0836,4.02.03.10.0005,40203100005,MATERIAIS PARA MANUTENÇÃO DA PISCINA
0836,4.02.03.11.0008,40203110008,MATERIAIS DE LIMPEZA E HIGIENE
0836,4.02.01.02.0015,40201020015,AQUISIÇÃO DE CARRINHO PARA TRANSPORTE DO LIXO
0836,4.02.03.10.0008,40203100008,MATERIAL DE LIMPEZA E HIGIENE
0836,4.02.03.12.0003,40203120003,AQUISIÇÃO DE ESCADA PARA A PISCINA
0836,4.02.03.08.0024,40203080024,SUBSTITUIÇÃO DAS CAIXAS DO LIXO
0836,4.02.01.02.0049,40201020049,AQUISIÇÃO DE LIXEIRA
0798,4.01.02.02.0042,40102020042,REPOSIÇÃO DE UTENSILIOS DO SALÃO DE FESTAS
0798,4.02.03.01.0001,40203010001,AQUISIÇÃO DE UTENSILIOS PARA O SALÃO DE FESTAS
1600,4.02.03.08.0021,40203080021,DEDETIZAÇÃO E DESRATIZAÇÃO EM UNIDADES AUTÔNOMAS
1600,4.01.02.02.0014,40102020014,DEDETIZAÇÃO E DESRATIZAÇÃO DA ÁREA COMUM
1600,4.01.02.02.0015,40102020015,LIMPEZA DE CAIXA D ÁGUA
1745,4.01.02.02.0011,40102020011,MATERIAIS HIDRÁULICOS
1745,4.02.03.06.0122,40203060122,REPAROS NOS MUROS DA AREA COMUM
2954,4.02.03.06.0115,40203060115,MANUTENÇÃO DOS APARELHOS DA ACADEMIA
2428,4.01.02.02.0025,40102020025,REPARO NA PRUMADA HIDRAULICA
1123,4.01.04.01.0002,40104010002,MANUTENÇÃO DOS PORTÕES E ALARME
1123,4.01.04.01.0008,40104010008,MONITORAMENTO DO ALARME
1123,4.02.03.08.0030,40203080030,REPARO DA CERCA ELÉTRICA
1123,4.01.02.02.0049,40102020049,MANUTENÇÃO DA CERCA ELÉTRICA/CONCERTINA
2185,4.01.01.01.0021,40101010021,EQUIPAMENTOS DE PROTEÇÃO INDIVIDUAL
2346,4.02.01.03.0004,40201030004,REFORMA DA ALVENARIA E PINTURA DO CONDOMÍNIO - MATERIAIS
1442,4.02.03.01.0027,40203010027,MANUTENÇÃO DO FILTRO DA PISCINA
1442,4.01.02.02.0011,40102020011,MATERIAIS HIDRÁULICOS
1442,4.02.03.01.0032,40203010032,MATERIAIS PARA MANUTENÇÕES DIVERSAS
1442,4.02.03.01.0028,40203010028,MANUTENÇÃO DO BEBEDOURO DO SALÃO DE FESTAS
1126,4.01.02.02.0025,40102020025,REPARO NA PRUMADA HIDRAULICA
1809,4.01.02.02.0001,40102020001,MANUTENÇÃO DA MAQUINA APARADORA DE GRAMA
1809,4.01.02.02.0079,40102020079,MANUTENÇÃO DE INTERFONES
2893,4.02.03.06.0104,40203060104,REFORMA DO HALL DOS BLOCOS - MATERIAIS
2893,4.02.03.06.0107,40203060107,REFORMA DA QUADRA DE ESPORTES - MATERIAL
2893,4.01.02.02.0036,40102020036,MATERIAIS MANUTENÇÕES DIVERSAS
2893,4.02.03.06.0127,40203060127,MANUTENÇÃO DA BOMBA/BOIA DA CAIXA DE ÁGUA
2893,4.01.02.02.0066,40102020066,MANUTENÇÃO DA CAIXA DÁGUA ELEVADA
0200,4.01.01.03.0003,40101030003,SERVIÇO DE PORTARIA REMOTA - MENSAL
0200,4.01.02.02.0012,40102020012,SERVIÇOS DE PORTARIA
1766,4.02.03.06.0085,40203060085,REFORMA DO JARDIM
1766,4.02.03.06.0120,40203060120,REFORMA DO MURO DA ÁREA DE LAZER
0682,4.01.02.03.0004,40102030004,HONORÁRIOS DE SÍNDICO
2001,4.01.01.01.0023,40101010023,SUBSTITUIÇÃO DE EMPREGADOS EM FÉRIAS
0851,4.01.04.01.0010,40104010010,SERVIÇO DE RONDA PREVENTIVA
1376,4.02.03.06.0033,40203060033,MÃO DE OBRA DE PINTURA EXTERNA DOS BLOCOS
1376,4.02.03.06.0035,40203060035,IMPOSTOS SOBRE MÃO DE OBRA DE PINTURA EXTERNA DOS BLOCOS
1376,4.01.04.01.0018,40104010018,LAUDOS ANUAIS OBRIGATÓRIOS
2091,4.01.02.02.0150,40102020150,INSTALAÇÃO DE MANGUEIRA DE JARDIM
2091,4.01.02.02.0078,40102020078,MANUTENÇÃO DO PORTÃO DE VEÍCULOS
2091,4.02.03.06.0045,40203060045,REPAROS/REFORMA DO PORTÃO DE VEÍCULOS
2091,4.02.03.06.0121,40203060121,IMPERMEABILIZAÇÃO DA LAJE DO TERRAÇO
2091,4.02.03.06.0134,40203060134,MANUTENÇÃO DAS ANTENAS COLETIVAS DO PRÉDIO
1357,4.02.03.06.0024,40203060024,AQUISIÇÃO DE AR CONDICIONADO PARA O SALÃO DE FESTAS
0823,4.01.04.01.0008,40104010008,MONITORAMENTO DO ALARME
0823,4.01.02.02.0017,40102020017,MANUTENÇÃO DO SISTEMA DE SEGURANÇA
0676,4.01.01.01.0001,40101010001,ORDENADOS E SALÁRIOS REF. EMPREGADOS
0676,4.02.03.07.0001,40203070001,13º SALÁRIOS
0676,4.02.03.07.0003,40203070003,FÉRIAS
0019,4.01.02.03.0004,40102030004,HONORÁRIOS DE SÍNDICO
1411,4.01.02.02.0107,40102020107,MANUTENÇÃO PREVENTIVA DAS PORTAS CORTA FOGO
1363,4.02.03.06.0027,40203060027,REFORMA DO DECK DA PISCINA - MÃO DE OBRA
0199,4.01.04.01.0004,40104010004,TRATAMENTO E LIMPEZA DA PISCINA
1193,4.02.01.03.0001,40201030001,INSTALAÇÃO DE CÂMERAS DE SEGURANÇA
1193,4.01.02.02.0080,40102020080,MANUTENÇÃO SISTEMA DE CÂMERAS DE SEGURANÇA (DESUSO)
3460,4.01.01.01.0001,40101010001,ORDENADOS E SALÁRIOS REF. EMPREGADOS
2116,4.02.03.01.0032,40203010032,MATERIAIS PARA MANUTENÇÕES DIVERSAS
2116,4.01.02.02.0035,40102020035,MATERIAIS PARA MANUTENÇÃO DO JARDIM
2116,4.01.02.02.0036,40102020036,MATERIAIS MANUTENÇÕES DIVERSAS
2116,4.02.01.02.0026,40201020026,AQUISIÇÃO DE FERRAMENTAS DIVERSAS
2232,4.01.02.02.0065,40102020065,MANUTENÇÃO DO MOTOR/FILTRO DA PISCINA
2232,4.02.03.06.0088,40203060088,REPAROS DO MOTOR/FILTRO DA PISCINA
2184,4.02.03.01.0005,40203010005,AQUISIÇÃO DE GÁS PARA O SALÃO DE FESTAS
1705,4.02.03.06.0019,40203060019,REFORMA DA GARAGEM - MATERIAIS
3069,4.01.02.02.0143,40102020143,LIMPEZA DA AREA COMUM AOS DOMINGOS E FERIADOS
1652,4.01.04.01.0019,40104010019,SERVIÇO DE LIMPEZA
1652,4.01.01.01.0011,40101010011,SERVIÇO DE LIMPEZA - DIARISTA
0657,4.01.01.01.0011,40101010011,SERVIÇO DE LIMPEZA - DIARISTA
0265,4.01.02.03.0004,40102030004,HONORÁRIOS DE SÍNDICO
0265,4.01.02.02.0010,40102020010,MATERIAIS ELÉTRICOS/LÂMPADAS
1743,4.01.02.02.0009,40102020009,MANUTENÇÃO HIDRÁULICA
2096,4.02.03.06.0075,40203060075,REFORMA DA FACHADA DO CONDOMÍNIO - MATERIAIS
0782,4.01.02.02.0033,40102020033,MANUTENÇÃO DA REDE DE ESGOTO
0782,4.01.04.01.0007,40104010007,TRATAMENTO REDE DE ESGOTO
0782,4.01.02.02.0124,40102020124,DESENTUPIMENTO DA PRUMADA HIDRAULICA/REDE ESGOTO
0691,4.02.03.09.0003,40203090003,FÉRIAS
0691,4.01.01.01.0001,40101010001,ORDENADOS E SALÁRIOS REF. EMPREGADOS
0691,4.02.03.09.0001,40203090001,13º SALÁRIOS
1801,4.01.02.01.0016,40102010016,CERTIFICADO DIGITAL
1358,4.02.03.07.0008,40203070008,REFORMA DA SAUNA - MATERIAIS
0789,4.01.02.02.0012,40102020012,SERVIÇOS DE PORTARIA
0789,4.01.01.03.0002,40101030002,SERVIÇO DE PORTARIA PRESENCIAL - MENSAL
0685,4.01.01.01.0001,40101010001,ORDENADOS E SALÁRIOS REF. EMPREGADOS
0685,4.02.03.09.0001,40203090001,13º SALÁRIOS
0685,4.02.03.09.0007,40203090007,RESCISÃO DE CONTRATO DE TRABALHO
2046,4.02.03.06.0071,40203060071,ASSESSORIA DE PREVENÇÃO DE INCÊNDIO
0039,4.01.02.01.0010,40102010010,ESGOTO SANEPAR
0039,4.01.02.01.0002,40102010002,ÁGUA E ESGOTO
0039,4.02.03.10.0001,40203100001,ÁGUA E ESGOTO
0039,4.02.03.06.0082,40203060082,CONSUMO DE ÁGUA EXCEDENTE DEVIDO PROBLEMAS NO POÇO ARTESIANO
0039,4.02.03.06.0087,40203060087,CONSUMO DE ÁGUA EXCEDENTE DEVIDO A VAZAMENTO
0848,4.01.04.01.0006,40104010006,TRATAMENTO DO POÇO ARTESIANO
1110,4.02.03.08.0004,40203080004,CUSTAS DE COBRANÇA JUDICIAL
3321,4.01.02.02.0036,40102020036,MATERIAIS MANUTENÇÕES DIVERSAS
2131,4.02.03.01.0064,40203010064,DESPESAS COM EVENTO DO DIA DAS CRIANÇAS
1338,4.02.03.06.0061,40203060061,REFORMA DO BANHEIRO DA ÁREA COMUM
1338,4.02.03.06.0045,40203060045,REPAROS/REFORMA DO PORTÃO DE VEÍCULOS
0761,4.01.01.03.0001,40101030001,SERVIÇO DE LIMPEZA - MENSAL
0761,4.01.02.02.0012,40102020012,SERVIÇOS DE PORTARIA
0761,4.01.01.03.0002,40101030002,SERVIÇO DE PORTARIA PRESENCIAL - MENSAL
3320,4.01.02.02.0044,40102020044,CÓPIAS E IMPRESSÕES
0842,4.01.01.01.0010,40101010010,LAUDOS DA MEDICINA DO TRABALHO REF. EMPREGADOS
0804,4.01.02.01.0004,40102010004,TELEFONE E INTERNET
0804,4.01.01.03.0003,40101030003,SERVIÇO DE PORTARIA REMOTA - MENSAL
1415,4.01.02.02.0110,40102020110,MANUTENÇÃO DA MAQUINA DE LAVAR DE ALTA PRESSÃO
0668,4.01.01.01.0001,40101010001,ORDENADOS E SALÁRIOS REF. EMPREGADOS
0668,4.02.03.09.0001,40203090001,13º SALÁRIOS
0668,4.02.03.09.0003,40203090003,FÉRIAS
3405,4.01.01.01.0001,40101010001,ORDENADOS E SALÁRIOS REF. EMPREGADOS
3405,4.01.01.01.0015,40101010015,AUXILIO ALIMENTAÇÃO REF. EMPREGADOS
3405,4.01.01.01.0016,40101010016,AUXILIO TRANSPORTE REF. EMPREGADOS
2119,4.01.02.02.0057,40102020057,MANUTENÇÃO DO PORTÃO SOCIAL
0197,4.01.01.01.0009,40101010009,OUTRAS OBRIGAÇÕES SOCIAIS
0197,4.01.01.01.0012,40101010012,PLANO DE SAÚDE SECOVIMED REF. EMPREGADOS
0197,4.01.01.01.0010,40101010010,LAUDOS DA MEDICINA DO TRABALHO REF. EMPREGADOS
0671,4.01.01.01.0001,40101010001,ORDENADOS E SALÁRIOS REF. EMPREGADOS
0671,4.02.03.09.0003,40203090003,FÉRIAS
0671,4.02.03.09.0001,40203090001,13º SALÁRIOS
3506,4.01.02.02.0124,40102020124,DESENTUPIMENTO DA PRUMADA HIDRAULICA/REDE ESGOTO
2449,4.01.02.02.0078,40102020078,MANUTENÇÃO DO PORTÃO DE VEÍCULOS
2158,4.02.03.06.0072,40203060072,PINTURA DO PRÉDIO - MÃO DE OBRA
1114,4.01.04.01.0005,40104010005,MANUTENÇÃO DO JARDIM
1114,4.01.02.02.0083,40102020083,APLICAÇÃO DE VENENO NO JARDIM
1114,4.02.03.11.0009,40203110009,APLICAÇÃO DE VENENO NO JARDIM
1271,4.01.04.01.0005,40104010005,MANUTENÇÃO DO JARDIM
1271,4.02.03.11.0009,40203110009,APLICAÇÃO DE VENENO NO JARDIM
1271,4.02.03.10.0007,40203100007,PODA DE ARVORES E COQUEIROS
1271,4.01.02.02.0083,40102020083,APLICAÇÃO DE VENENO NO JARDIM
1271,4.01.02.02.0058,40102020058,PODA DE ÁRVORES/COQUEIROS
2092,4.02.03.06.0074,40203060074,REFORMA DA FACHADA DO CONDOMÍNIO - MÃO DE OBRA
1310,4.02.03.08.0009,40203080009,MANUTENÇÃO DO SISTEMA DE SEGURANÇA
1310,4.01.02.02.0017,40102020017,MANUTENÇÃO DO SISTEMA DE SEGURANÇA
0869,4.02.02.03.0004,40202030004,RETIRADA DE ENTULHOS DA ÁREA DE LAZER
0869,4.01.02.02.0004,40102020004,MATERIAIS DE LIMPEZA E HIGIENE
1161,4.01.04.01.0012,40104010012,LIMPEZA SEMESTRAL DAS CAIXAS DÁGUA
1161,4.01.04.01.0013,40104010013,LIMPEZA SEMESTRAL DAS CAIXAS DE GORDURA
1161,4.01.02.02.0124,40102020124,DESENTUPIMENTO DA PRUMADA HIDRAULICA/REDE ESGOTO
1161,4.02.03.11.0014,40203110014,DESENTUPIMENTO DA PRUMADA HIDRAULICA/REDE ESGOTO
1161,4.01.02.02.0159,40102020159,LIMPEZA DAS CAIXAS DE GORDURA
1161,4.01.04.01.0022,40104010022,DEDETIZAÇÃO/LIMPEZA CX DAGUA E CX DE GORDURA
1161,4.02.03.11.0032,40203110032,LIMPEZA SEMESTRAL DAS CAIXAS DÁGUA
1161,4.02.03.11.0031,40203110031,LIMPEZA SEMESTRAL DAS CAIXAS DE GORDURA
0784,4.01.01.01.0020,40101010020,CONTRIBUIÇÃO NEGOCIAL SINDEMCON (DESCONTADO DO SALÁRIO)
0196,4.01.01.02.0004,40101020004,CONTRIBUIÇÃO SINDICAL ASSISTENCIAL PATRONAL - SECOVI-PR
3149,4.02.03.06.0125,40203060125,REFORMA DO BANHEIRO E SALA DA ADMINISTRAÇÃO
3149,4.02.03.06.0121,40203060121,IMPERMEABILIZAÇÃO DA LAJE DO TERRAÇO
1282,4.01.02.02.0120,40102020120,MANUTENÇÕES DIVERSAS
2140,4.02.03.01.0058,40203010058,BALCÃO DE PIA PARA CHURRASQUEIRA
0689,4.02.03.07.0001,40203070001,13º SALÁRIOS
0689,4.01.01.01.0001,40101010001,ORDENADOS E SALÁRIOS REF. EMPREGADOS
0689,4.02.03.07.0003,40203070003,FÉRIAS
0689,4.02.03.07.0005,40203070005,RESCISÃO DE CONTRATO DE TRABALHO
0689,4.02.03.01.0004,40203010004,LIMPEZA DO SALÃO DE FESTAS
1360,4.01.02.02.0100,40102020100,REMOÇÃO DE ABELHAS
1200,4.02.03.11.0007,40203110007,MATERIAIS ELÉTRICOS/LÂMPADAS
1200,4.02.03.10.0006,40203100006,MATERIAIS ELÉTRICOS/LÂMPADAS
1200,4.01.02.02.0010,40102020010,MATERIAIS ELÉTRICOS/LÂMPADAS
1200,4.01.02.02.0092,40102020092,MANUTENÇÃO DA ILUMINAÇÃO DO CONDOMÍNIO
0677,4.01.01.01.0001,40101010001,ORDENADOS E SALÁRIOS REF. EMPREGADOS
0677,4.02.03.07.0001,40203070001,13º SALÁRIOS
0677,4.02.03.07.0003,40203070003,FÉRIAS
0667,4.01.01.01.0001,40101010001,ORDENADOS E SALÁRIOS REF. EMPREGADOS
0667,4.02.03.09.0003,40203090003,FÉRIAS
0667,4.02.03.09.0001,40203090001,13º SALÁRIOS
2473,4.01.02.03.0004,40102030004,HONORÁRIOS DE SÍNDICO
1235,4.01.01.01.0013,40101010013,SEGURO DE VIDA REF. EMPREGADOS
0887,4.01.02.01.0003,40102010003,GÁS
0887,4.02.03.01.0007,40203010007,GÁS DOS ESPAÇOS
1450,4.01.02.02.0046,40102020046,MATERIAIS ALIMENTÍCIOS PARA EMPREGADOS
1450,4.01.02.02.0010,40102020010,MATERIAIS ELÉTRICOS/LÂMPADAS
1450,4.01.02.02.0052,40102020052,INSETICIDA
1450,4.01.02.02.0004,40102020004,MATERIAIS DE LIMPEZA E HIGIENE
1450,4.02.01.02.0001,40201020001,AQUISIÇÃO DE CADEADO
2497,4.02.01.02.0051,40201020051,AQUISIÇÃO DE CHUVEIRO
0785,4.01.02.02.0034,40102020034,MANUTENÇÃO DO POÇO ARTESIANO
0785,4.01.04.01.0006,40104010006,TRATAMENTO DO POÇO ARTESIANO
0785,4.01.02.02.0129,40102020129,INSTALAÇÃO DE DOSADORA NO POÇO ARTESIANO
0785,4.01.02.02.0077,40102020077,REGULARIZAÇÃO DO POÇO ARTESIANO
1447,4.02.03.01.0013,40203010013,MANUTENÇÃO DOS EQUIPAMENTOS DA ACADEMIA
1447,4.01.02.02.0041,40102020041,REPAROS NOS APARELHOS DA ACADEMIA
3438,4.01.02.02.0169,40102020169,REFORMA DA AREA DE LAZER
2154,4.02.03.06.0016,40203060016,PROJETO ARQUITETONICO PARA REFORMA DO JARDIM
2512,4.02.03.08.0027,40203080027,REPARO DE TELA DE PROTEÇÃO
1220,4.01.02.01.0004,40102010004,TELEFONE E INTERNET
0663,4.02.03.09.0001,40203090001,13º SALÁRIOS
0663,4.01.01.01.0001,40101010001,ORDENADOS E SALÁRIOS REF. EMPREGADOS
0663,4.02.03.09.0003,40203090003,FÉRIAS
0663,4.01.01.01.0011,40101010011,SERVIÇO DE LIMPEZA - DIARISTA
1297,4.02.03.01.0028,40203010028,MANUTENÇÃO DO BEBEDOURO DO SALÃO DE FESTAS
1297,4.01.02.02.0073,40102020073,MANUTENÇÃO DO BEBEDOURO
0800,4.02.03.01.0001,40203010001,AQUISIÇÃO DE UTENSILIOS PARA O SALÃO DE FESTAS
0933,4.01.02.03.0006,40102030006,HONORÁRIOS DE VICE-SÍNDICO(A)
2920,4.01.02.02.0160,40102020160,MANUTENÇÃO EM COMPUTADOR
3454,4.01.01.01.0015,40101010015,AUXILIO ALIMENTAÇÃO REF. EMPREGADOS
2896,4.01.02.01.0004,40102010004,TELEFONE E INTERNET
1180,4.02.03.12.0001,40203120001,MATERIAIS PARA PINTURA INTERNA DOS BLOCOS
1180,4.02.03.10.0002,40203100002,MATERIAIS PARA PINTURA INTERNA DOS BLOCOS
1180,4.01.02.02.0081,40102020081,PINTURA DE AREAS COMUNS
1180,4.02.03.06.0026,40203060026,REFORMA DO DECK DA PISCINA - MATERIAL
1180,4.02.03.06.0023,40203060023,MATERIAIS PARA PINTURA EXTERNA DOS BLOCOS
1180,4.02.03.06.0025,40203060025,REFORMA DA SAUNA - MATERIAIS
1180,4.01.02.02.0115,40102020115,MATERIAIS PARA MANUTENÇÃO DA PINTURA DA AREA COMUM
1180,4.01.02.02.0120,40102020120,MANUTENÇÕES DIVERSAS
1180,4.02.03.06.0091,40203060091,PINTURA DA ACADEMIA - MATERIAL
1180,4.02.03.06.0020,40203060020,REFORMA DA CALÇADA - MATERIAIS
1180,4.02.03.06.0076,40203060076,REFORMA DA FACHADA DO CONDOMÍNIO - OUTROS
1180,4.02.03.12.0010,40203120010,REFORMA DA AREA DE LAZER
0797,4.01.02.02.0036,40102020036,MATERIAIS MANUTENÇÕES DIVERSAS
0797,4.02.03.06.0075,40203060075,REFORMA DA FACHADA DO CONDOMÍNIO - MATERIAIS
0797,4.02.03.06.0102,40203060102,CORREÇÃO DA REFORMA DA CALÇADA - MATERIAL
0885,4.01.04.01.0001,40104010001,VISTORIA E MANUTENÇÃO DOS ELEVADORES
0885,4.02.01.02.0002,40201020002,TAXA CREA DOS ELEVADORES
0885,4.01.02.02.0002,40102020002,SUBSTITUIÇÃO DE PEÇAS DO(S) ELEVADOR(S)
0885,4.02.03.05.0002,40203050002,SUBSTITUIÇÃO DE PEÇAS DOS ELEVADORES
0885,4.01.01.02.0011,40101020011,TAXA CREA ART DOS ELEVADORES
0885,4.02.03.06.0055,40203060055,SUBSTITUIÇÃO DE PEÇAS DO ELEVADOR
0885,4.02.03.08.0019,40203080019,VALORES PAGOS A SEREM DEVOLVIDOS
1194,4.01.02.02.0036,40102020036,MATERIAIS MANUTENÇÕES DIVERSAS
0871,4.01.02.01.0012,40102010012,SEGURO DO CONDOMÍNIO
0871,4.01.02.01.0015,40102010015,SEGURO PREDIAL E DE VIDA DOS EMPREGADOS
0871,4.01.01.01.0013,40101010013,SEGURO DE VIDA REF. EMPREGADOS
0852,4.02.03.06.0004,40203060004,INSTALAÇÃO DE COBERTURA PARA O TOTEM DE SAÍDA
1674,4.01.02.01.0003,40102010003,GÁS
2942,4.01.02.02.0036,40102020036,MATERIAIS MANUTENÇÕES DIVERSAS
1671,4.01.01.01.0016,40101010016,AUXILIO TRANSPORTE REF. EMPREGADOS
0757,4.01.01.01.0016,40101010016,AUXILIO TRANSPORTE REF. EMPREGADOS
0757,4.01.01.01.0023,40101010023,SUBSTITUIÇÃO DE EMPREGADOS EM FÉRIAS
0757,4.02.03.09.0005,40203090005,SUBSTITUIÇÕES DE EMPREGADOS EM FÉRIAS
2435,4.02.03.01.0044,40203010044,AQUISIÇÃO DE MOVEIS PARA O SALÃO DE FESTAS
1999,4.01.02.02.0002,40102020002,SUBSTITUIÇÃO DE PEÇAS DO(S) ELEVADOR(S)
1999,4.01.04.01.0001,40104010001,VISTORIA E MANUTENÇÃO DOS ELEVADORES
1999,4.01.02.02.0079,40102020079,MANUTENÇÃO DE INTERFONES
1999,4.01.01.02.0011,40101020011,TAXA CREA ART DOS ELEVADORES
1999,4.02.03.08.0019,40203080019,VALORES PAGOS A SEREM DEVOLVIDOS
1403,4.02.03.06.0034,40203060034,OMBRELONE PARA A AREA DA PISCINA
1403,4.01.02.02.0004,40102020004,MATERIAIS DE LIMPEZA E HIGIENE
2992,4.02.03.11.0007,40203110007,MATERIAIS ELÉTRICOS/LÂMPADAS
2992,4.01.02.02.0010,40102020010,MATERIAIS ELÉTRICOS/LÂMPADAS
2062,4.01.02.02.0011,40102020011,MATERIAIS HIDRÁULICOS
2062,4.02.01.02.0032,40201020032,AQUISIÇÃO DE CANTONEIRAS PARA PILARES DA GARAGEM
2230,4.01.02.02.0103,40102020103,REPARO DE VIDRO DA ÁREA COMUM
1646,4.02.03.08.0012,40203080012,REPARO DO PORTÃO DE VEÍCULOS
1646,4.01.02.02.0078,40102020078,MANUTENÇÃO DO PORTÃO DE VEÍCULOS
0795,4.01.02.02.0024,40102020024,MATERIAIS PARA MANUTENÇÃO DE APARELHOS DA ACADEMIA
0795,4.02.03.01.0047,40203010047,AQUISIÇÃO DE EQUIPAMENTOS PARA ACADEMIA
1191,4.02.01.02.0036,40201020036,AQUISIÇÃO DE RELÓGIO DE PAREDE
1191,4.01.02.02.0010,40102020010,MATERIAIS ELÉTRICOS/LÂMPADAS
2217,4.02.03.09.0005,40203090005,SUBSTITUIÇÕES DE EMPREGADOS EM FÉRIAS
2217,4.01.02.02.0012,40102020012,SERVIÇOS DE PORTARIA
2053,4.02.01.02.0027,40201020027,AQUISIÇÃO DE MÁQUINA SOPRADOR
2902,4.01.01.01.0017,40101010017,AUXILIO COMBUSTÍVEL REF. EMPREGADOS
1129,4.02.03.11.0001,40203110001,INSETICIDA
1129,4.01.02.02.0001,40102020001,MANUTENÇÃO DA MAQUINA APARADORA DE GRAMA
1129,4.01.02.02.0052,40102020052,INSETICIDA
1129,4.01.02.02.0035,40102020035,MATERIAIS PARA MANUTENÇÃO DO JARDIM
1886,4.02.03.09.0005,40203090005,SUBSTITUIÇÕES DE EMPREGADOS EM FÉRIAS
1737,4.01.01.01.0026,40101010026,SUBSTITUIÇÃO DE EMPREGADOS DEVIDO LICENÇA MÉDICA
1461,4.02.03.06.0041,40203060041,EMPRESTIMO PARA REFORMA DO CONDOMÍNIO
2402,4.01.02.02.0017,40102020017,MANUTENÇÃO DO SISTEMA DE SEGURANÇA
0090,4.01.02.03.0004,40102030004,HONORÁRIOS DE SÍNDICO
3076,4.01.04.01.0004,40104010004,TRATAMENTO E LIMPEZA DA PISCINA
3529,4.02.01.02.0066,40201020066,AQUISIÇÃO DE MÓVEIS E UTENSILIOS
2155,4.01.02.02.0005,40102020005,MANUTENÇÃO EM PORTAS
0678,4.01.01.01.0001,40101010001,ORDENADOS E SALÁRIOS REF. EMPREGADOS
0678,4.02.03.09.0001,40203090001,13º SALÁRIOS
0678,4.02.03.09.0003,40203090003,FÉRIAS
0678,4.01.01.01.0027,40101010027,CESTA DE NATAL PARA EMPREGADO(S)
0837,4.02.02.01.0002,40202010002,CONTA SEM USO
0837,4.02.03.08.0002,40203080002,REPASSE DE HONORÁRIOS DE COBRANÇA
0837,4.01.02.02.0064,40102020064,NOTIFICAÇÃO EXTRAJUDICIAL
0837,4.01.02.03.0003,40102030003,HONORÁRIOS DE ASSESSORIA JURÍDICA
0837,4.01.02.03.0008,40102030008,HONORÁRIOS ADVOCATÍCIOS
0837,4.02.03.01.0042,40203010042,NOTIFICAÇÃO EXTRAJUDICIAL
0837,4.02.03.06.0030,40203060030,REFORMA DA GARAGEM - OUTROS
0837,4.02.03.08.0004,40203080004,CUSTAS DE COBRANÇA JUDICIAL
0837,4.02.03.06.0052,40203060052,HONORÁRIOS ADVOCATÍCIOS
0820,4.01.02.02.0017,40102020017,MANUTENÇÃO DO SISTEMA DE SEGURANÇA
0820,4.02.01.03.0001,40201030001,INSTALAÇÃO DE CÂMERAS DE SEGURANÇA
0820,4.01.02.02.0022,40102020022,INSTALAÇÃO DE CÂMERAS DE SEGURANÇA
0820,4.02.03.06.0047,40203060047,MELHORIAS NO SISTEMA DE SEGURANÇA
0820,4.02.01.02.0030,40201020030,INSTALAÇÃO DE LEITOR DE BIOMETRIA FACIAL
0820,4.02.03.06.0075,40203060075,REFORMA DA FACHADA DO CONDOMÍNIO - MATERIAIS
0820,4.02.03.06.0124,40203060124,INSTALAÇÃO DE LEITOR DE BIOMETRIA FACIAL
1119,4.02.01.02.0003,40201020003,AQUISIÇÃO DE LAVADORA DE ALTA PRESSÃO
1763,4.01.02.02.0137,40102020137,MANUTENÇÃO DO CARRINHO DO LIXO
1771,4.02.03.06.0019,40203060019,REFORMA DA GARAGEM - MATERIAIS
1344,4.02.03.06.0023,40203060023,MATERIAIS PARA PINTURA EXTERNA DOS BLOCOS
1344,4.01.02.02.0036,40102020036,MATERIAIS MANUTENÇÕES DIVERSAS
1344,4.02.03.11.0005,40203110005,MATERIAIS PARA MANUTENÇÕES DIVERSAS
1148,4.01.02.02.0007,40102020007,MANUTENÇÃO JARDIM
2903,4.01.01.01.0001,40101010001,ORDENADOS E SALÁRIOS REF. EMPREGADOS
2903,4.02.03.07.0001,40203070001,13º SALÁRIOS
2903,4.01.01.01.0027,40101010027,CESTA DE NATAL PARA EMPREGADO(S)
2903,4.02.03.09.0001,40203090001,13º SALÁRIOS
2903,4.02.03.09.0003,40203090003,FÉRIAS
0686,4.01.01.01.0001,40101010001,ORDENADOS E SALÁRIOS REF. EMPREGADOS
0686,4.02.03.09.0001,40203090001,13º SALÁRIOS
0686,4.02.03.09.0003,40203090003,FÉRIAS
2484,4.01.01.01.0011,40101010011,SERVIÇO DE LIMPEZA - DIARISTA
0204,4.01.01.01.0010,40101010010,LAUDOS DA MEDICINA DO TRABALHO REF. EMPREGADOS
1207,4.02.03.06.0016,40203060016,PROJETO ARQUITETONICO PARA REFORMA DO JARDIM
1207,4.02.03.06.0068,40203060068,PROJETO ARQUITETONICO PARA REFORMA DA FACHADA
0661,4.01.02.02.0023,40102020023,MANUTENÇÃO DA CENTRAL DE GÁS
0661,4.02.03.06.0002,40203060002,REFORMA DO TELHADO DO CONDOMÍNIO - MÃO DE OBRA
0661,4.01.02.02.0106,40102020106,MANUTENÇÃO DE CALHAS E RUFOS
2384,4.02.03.06.0076,40203060076,REFORMA DA FACHADA DO CONDOMÍNIO - OUTROS
0774,4.01.02.02.0029,40102020029,MANUTENÇÃO DE IMPRESSORA
2152,4.01.02.02.0011,40102020011,MATERIAIS HIDRÁULICOS
2897,4.02.03.06.0108,40203060108,OBRA RETIRADA DAS PASTILHAS - MÃO DE OBRA
2897,4.02.03.06.0110,40203060110,TROCA DO PISO DO PÁTIO E INSTALAÇÃO CAIXAS DE PASSAGEM TELEFONIA
2897,4.02.03.06.0117,40203060117,PINTURA DO HALL DE ENTRADA - MÃO DE OBRA
1301,4.01.02.02.0120,40102020120,MANUTENÇÕES DIVERSAS
1301,4.01.02.02.0004,40102020004,MATERIAIS DE LIMPEZA E HIGIENE
1808,4.02.03.01.0049,40203010049,AQUISIÇÃO DE LIXEIRA PARA O SALÃO DE FESTAS
1808,4.02.01.02.0049,40201020049,AQUISIÇÃO DE LIXEIRA
0679,4.01.01.01.0001,40101010001,ORDENADOS E SALÁRIOS REF. EMPREGADOS
0679,4.02.03.09.0001,40203090001,13º SALÁRIOS
0679,4.02.03.09.0003,40203090003,FÉRIAS
0679,4.01.01.01.0027,40101010027,CESTA DE NATAL PARA EMPREGADO(S)
